Player,Position,Depth
SAMMY WATKINS,LWR,1
MARQUISE GOODWIN,LWR,2
KOLBY LISTENBEE,LWR,3
DEZMIN LEWIS,LWR,4
GREG LITTLE,LWR,5
GARY CHAMBERS,LWR,5
ROBERT WOODS,RWR,1
GREG SALAS,RWR,2
MARCUS EASLEY,RWR,3
LEONARD HANKERSON,RWR,4
JARRETT BOYKIN,RWR,5
WALTER POWELL,RWR,4
DAVONTE ALLEN,RWR,5
CORDY GLENN,LT,1
SEANTREL HENDERSON,LT,2
KEITH LUMPKIN,LT,3
RICHIE INCOGNITO,LG,1
RYAN GROY,LG,2
MARQUIS LUCAS,LG,3
ERIC WOOD,C,1
FERNANDO VELASCO,C,2
ROBERT KUGLER,C,3
JOHN MILLER,RG,1
CYRIL RICHARDSON,RG,2
JORDAN MILLS,RT,1
CYRUS KOUANDJIO,RT,2
JAMISON LALK,RT,3
CHARLES CLAY,TE,1
JIM DRAY,TE,2
CHRIS GRAGG,TE,3
NICK O'LEARY,TE,4
BLAKE ANNEN,TE,5
TYROD TAYLOR,QB,1
EJ MANUEL,QB,2
CARDALE JONES,QB,3
JEROME FELTON,FB,1
GLENN GRONKOWSKI,FB,2
LESEAN MCCOY,RB,1
KARLOS WILLIAMS,RB,2
MIKE GILLISLEE,RB,3
JONATHAN WILLIAMS,RB,4
JAMES WILDER JR.,RB,5
SHAQ LAWSON,LDE,1
IK ENEMKPALI,LDE,2
LORENZO ALEXANDER,LDE,3
LAVAR EDWARDS,LDE,4
BRYSON ALBRIGHT,LDE,5
MARCELL DAREUS,NT,1
CORBIN BRYANT,NT,2
TJ BARNES,NT,3
JUSTIN ZIMMER,NT,4
ADOLPHUS WASHINGTON,DT,1
KYLE WILLIAMS,DT,2
JEREL WORTHY,DT,3
CLAUDELL LOUIS,DT,4
JERRY HUGHES,RDE,1
MANNY LAWSON,RDE,2
RANDELL JOHNSON,RDE,3
MAX VALLES,RDE,4
CEDRIC REED,RDE,5
MANNY LAWSON,SLB,1
RANDELL JOHNSON,SLB,2
LORENZO ALEXANDER,SLB,3
PRESTON BROWN,MLB,1
KEVIN REDDICK,MLB,2
JAMARI LATTIMORE,MLB,3
REGGIE RAGLAND,WLB,1
ZACH BROWN,WLB,2
ERIC STRIKER,WLB,3
RONALD DARBY,LCB,1
COREY WHITE,LCB,2
KEVON SEYMOUR,LCB,3
AARON WILLIAMS,SS,1
DUKE WILLIAMS,SS,2
JONATHAN MEEKS,SS,3
PHILLIP THOMAS,SS,4
COREY GRAHAM,FS,1
ROBERT BLANTON,FS,2
COLT ANDERSON,FS,3
JONATHAN DOWLING,FS,4
STEPHON GILMORE,RCB,1
MARIO BUTLER,RCB,2
SAMMY SEAMSTER,RCB,3
JULIAN WHIGMAN,RCB,4
NICKELL ROBEY,N-B,1
STERLING MOORE,N-B,2
JAVIER ARENAS,N-B,3
COLTON SCHMIDT,P,1
JORDAN GAY,P,2
DAN CARPENTER,PK,1
MARSHALL MORGAN,PK,2
JORDAN GAY,KO,1
DAN CARPENTER,KO,2
GARRISON SANBORN,LS,1
REID FERGUSON,LS,2
COLTON SCHMIDT,H,1
JORDAN GAY,H,2
ROBERT WOODS,PR,1
WALTER POWELL,PR,2
WALTER POWELL,KR,1
DRI ARCHER,RES,1
DEVANTE PARKER,LWR,1
LEONTE CARROO,LWR,2
TYLER MURPHY,LWR,3
RASHAWN SCOTT,LWR,4
BRANDON SHIPPEN,LWR,5
KENNY STILLS,RWR,1
JAKEEM GRANT,RWR,2
AJ CRUZ,RWR,3
GRIFF WHALEN,RWR,4
JARVIS LANDRY,SWR,1
MATT HAZEL,SWR,2
BRANDEN ALBERT,LT,1
VINSTON PAINTER,LT,2
LAREMY TUNSIL,LG,1
JERMON BUSHROD,LG,2
DALLAS THOMAS,LG,3
JAMIL DOUGLAS,LG,4
MIKE POUNCEY,C,1
JACQUES MCCLENDON,C,2
RUBEN CARTER,C,3
BILLY TURNER,RG,1
KRAIG URBIK,RG,2
ANTHONY STEEN,RG,3
JA'WUAN JAMES,RT,1
ULRICK JOHN,RT,2
SAM YOUNG,RT,3
JORDAN CAMERON,TE,1
JAKE STONEBURNER,TE,2
DOMINIQUE JONES,TE,3
DION SIMS,TE,1
THOMAS DUARTE,TE,2
GABE HUGHES,TE,3
MARQUEIS GRAY,HB-FB,1
RYAN TANNEHILL,QB,1
MATT MOORE,QB,2
BRANDON DOUGHTY,QB,3
LOGAN THOMAS,QB,4
ZAC DYSERT,QB,5
JAY AJAYI,RB,1
DAMIEN WILLIAMS,RB,2
KENYAN DRAKE,RB,3
DANIEL THOMAS,RB,4
ISAIAH PEAD,RB,5
CAMERON WAKE,LDE,1
ANDRE BRANCH,LDE,2
TERRENCE FEDE,LDE,3
FARRINGTON HUGUENIN,LDE,4
NDAMUKONG SUH,LDT,1
DEANDRE COLEMAN,LDT,2
CHARLES TUAAU,LDT,3
CHRIS JONES,LDT,4
EARL MITCHELL,RDT,1
JORDAN PHILLIPS,RDT,2
JORDAN WILLIAMS,RDT,3
JORDAN WILLIAMS,RDT,4
MARIO WILLIAMS,RDE,1
JULIUS WARMSLEY,RDE,2
CLEYON LAING,RDE,3
JASON JONES,RDE,4
JELANI JENKINS,WLB,1
NEVILLE HEWITT,WLB,2
JAMES-MICHAEL JOHNSON,WLB,3
TYLER GRAY,WLB,4
KIKO ALONSO,MLB,1
ZACH VIGIL,MLB,2
MIKE HULL,MLB,3
JAMES BURGESS,MLB,4
KOA MISI,SLB,1
CHRIS MCCAIN,SLB,2
SPENCER PAYSINGER,SLB,3
AKIL BLOUNT,SLB,4
BYRON MAXWELL,LCB,1
TYLER PATMON,LCB,2
JORDAN LUCAS,LCB,3
LAFAYETTE PITTS,LCB,4
RESHAD JONES,SS,1
SHAMIEL GARY,SS,2
AJ HENDY,SS,3
ISA QUDDUS,FS,1
WALT AIKENS,FS,2
MICHAEL THOMAS,FS,3
XAVIEN HOWARD,RCB,1
TONY LIPPETT,RCB,2
CHIMDI CHEKWA,RCB,3
BOBBY MCCAIN,N-B,1
IFO OLOMU,N-B,2
MATT DARR,P,1
ANDREW FRANKS,PK,1
MARSHALL KOEHN,PK,2
JOHN DENNEY,LS,1
RYAN DISALVO,LS,2
MATT DARR,H,1
ANDREW FRANKS,KO,1
JARVIS LANDRY,PR,1
DAMIEN WILLIAMS,KR,1
JARVIS LANDRY,KR,2
DION JORDAN,SUS,1
DANNY AMENDOLA,LWR,1
CHRIS HOGAN,LWR,2
KESHAWN MARTIN,LWR,3
MATTHEW SLATER,LWR,4
AARON DOBSON,LWR,5
JULIAN EDELMAN,RWR,1
NATE WASHINGTON,RWR,2
MALCOLM MITCHELL,RWR,3
CHRIS HARPER,RWR,4
DEANDRE CARTER,RWR,5
DEVIN LUCIEN,RWR,5
NATE SOLDER,LT,1
MARCUS CANNON,LT,2
CAMERON FLEMING,LT,3
SHAQUILLE MASON,LG,1
JOE THUNEY,LG,2
CHRIS BARKER,LG,3
BRYAN STORK,C,1
DAVID ANDREWS,C,2
JOSH KLINE,C,3
TRE` JACKSON,RG,1
JONATHAN COOPER,RG,2
TED KARRAS,RG,3
SEBASTIAN VOLLMER,RT,1
LAADRIAN WADDLE,RT,2
KEAVON MILTON,RT,3
ROB GRONKOWSKI,TE,1
MICHAEL WILLIAMS,TE,2
BRYCE WILLIAMS,TE,3
MARTELLUS BENNETT,TE,1
CLAY HARBOR,TE,2
AJ DERBY,TE,3
STEVEN SCHEU,TE,4
TOM BRADY,QB,1
JIMMY GAROPPOLO,QB,2
JACOBY BRISSETT,QB,3
LEGARRETTE BLOUNT,RB,1
JAMES WHITE,RB,2
JAMES DEVELIN,RB,3
DONALD BROWN,RB,4
DJ FOSTER,RB,5
DION LEWIS,RB,1
BRANDON BOLDEN,RB,2
TYLER GAFFNEY,RB,3
JOEY IOSEFA,RB,4
JABAAL SHEARD,LDE,1
CHRIS LONG,LDE,2
FRANK KEARSE,LDE,3
TERRANCE KNIGHTON,DT,1
JOE VELLANO,DT,2
VINCE VALENTINE,DT,3
WOODROW HAMILTON,DT,4
MALCOM BROWN,DT,1
ALAN BRANCH,DT,2
MARKUS KUHN,DT,3
ANTHONY JOHNSON,DT,4
ROB NINKOVICH,RDE,1
TREY FLOWERS,RDE,2
GENEO GRISSOM,RDE,3
JAMIE COLLINS,SLB,1
RUFUS JOHNSON,SLB,2
CJ JOHNSON,SLB,3
DONT'A HIGHTOWER,MLB,1
JONATHAN FREENY,MLB,2
RAMON HUMBER,MLB,3
SHEA MCCLELLIN,WLB,1
KEVIN SNYDER,WLB,2
ELANDON ROBERTS,WLB,3
MALCOLM BUTLER,LCB,1
JUSTIN COLEMAN,LCB,2
DARRYL ROBERTS,LCB,3
JONATHAN JONES,LCB,4
V'ANGELO BENTLEY,LCB,5
PATRICK CHUNG,SS,1
DURON HARMON,SS,2
NATE EBNER,SS,3
BROCK VEREEN,SS,4
KAMU HILL,SS,5
DEVIN MCCOURTY,FS,1
JORDAN RICHARDS,FS,2
BRANDON KING,FS,3
CEDRIC THOMPSON,FS,4
LOGAN RYAN,RCB,1
CYRUS JONES,RCB,2
EJ BIGGERS,RCB,3
CRE'VON LEBLANC,RCB,4
RYAN ALLEN,P,1
STEPHEN GOSTKOWSKI,PK,1
JOE CARDONA,LS,1
CHRISTIAN YOUNT,LS,2
RYAN ALLEN,H,1
DANNY AMENDOLA,PR,1
JULIAN EDELMAN,PR,2
KESHAWN MARTIN,PR,3
CYRUS JONES,PR,4
V'ANGELO BENTLEY,PR,5
DANNY AMENDOLA,KR,1
MATTHEW SLATER,KR,2
KESHAWN MARTIN,KR,3
BRANDON MARSHALL,LWR,1
DEVIN SMITH,LWR,2
KENBRELL THOMPKINS,LWR,3
TITUS DAVIS,LWR,4
JEREMY ROSS,LWR,5
QUENTON BUNDRAGE,LWR,5
ERIC DECKER,RWR,1
QUINCY ENUNWA,RWR,2
CHARONE PEAKE,RWR,3
CHANDLER WORTHY,RWR,4
ROBBY ANDERSON,RWR,5
JALIN MARSHALL,RWR,5
RYAN CLADY,LT,1
BEN IJALANA,LT,2
JAMES CARPENTER,LG,1
CRAIG WATTS,LG,2
MICHAEL LIEDTKE,LG,3
NICK MANGOLD,C,1
WESLEY JOHNSON,C,2
KYLE FRIEND,C,3
BRIAN WINTERS,RG,1
DAKOTA DOZIER,RG,2
JARVIS HARRISON,RG,3
BRENO GIACOMINI,RT,1
BRANDON SHELL,RT,2
BRENT QVALE,RT,3
JESSE DAVIS,RT,4
JACE AMARO,TE,1
KELLEN DAVIS,TE,2
ZACH SUDFELD,TE,3
WES SAXTON,TE,4
JASON VANDER LAAN,TE,5
BRANDON BOSTICK,TE,5
GENO SMITH,QB,1
BRYCE PETTY,QB,2
CHRISTIAN HACKENBERG,QB,3
TOMMY BOHANON,FB,1
MATT FORTE,RB,1
BILAL POWELL,RB,2
KHIRY ROBINSON,RB,3
ZAC STACY,RB,4
DOMINIQUE WILLIAMS,RB,5
ROMAR MORRIS,RB,5
MUHAMMAD WILKERSON,LDE,1
JARVIS JENKINS,LDE,2
JULIAN HOWSARE,LDE,3
MIKE CATAPANO,LDE,4
SHELBY HARRIS,LDE,5
STEVE MCLENDON,NT,1
DEON SIMON,NT,2
TAROW BARNEY,NT,3
CLAUDE PELON,NT,4
JULIEN OBIOHA,NT,5
SHELDON RICHARDSON,RDT,1
LEONARD WILLIAMS,RDT,2
JOSH MARTIN,RDT,3
LAWRENCE THOMAS,RDT,4
HELVA MATUNGULU,RDT,5
LORENZO MAULDIN,ROLB,1
DEION BARNES,ROLB,2
ERIN HENDERSON,RILB,1
DARRON LEE,RILB,2
DAVID HARRIS,LILB,1
BRUCE CARTER,LILB,2
TAIWAN JONES,LILB,3
TREVOR REILLY,LOLB,1
JORDAN JENKINS,LOLB,2
JULIAN STANFORD,LOLB,3
FREDDIE BISHOP,LOLB,4
DARRELLE REVIS,LCB,1
DEE MILLINER,LCB,2
DEXTER MCDOUGLE,LCB,3
KENDALL JAMES,LCB,4
BRYSON KEETON,LCB,5
CALVIN PRYOR,SS,1
DION BAILEY,SS,2
DOUG MIDDLETON,SS,3
MARCUS GILCHRIST,FS,1
RONTEZ MILES,FS,2
RONALD MARTIN,FS,3
BUSTER SKRINE,RCB,1
MARCUS WILLIAMS,RCB,2
JUSTON BURRIS,RCB,3
KEVIN SHORT,RCB,4
DARRYL MORRIS,RCB,5
LACHLAN EDWARDS,P,1
TOM HACKETT,P,2
NICK FOLK,PK,1
ROSS MARTIN,PK,2
TANNER PURDUM,LS,1
LACHLAN EDWARDS,H,1
ERIC DECKER,PR,1
JALIN MARSHALL,PR,2
KENBRELL THOMPKINS,KR,1
JALIN MARSHALL,KR,2
NICK FOLK,KO,1
KAMAR AIKEN,LWR,1
BRESHAD PERRIMAN,LWR,2
DARREN WALLER,LWR,3
DANIEL BROWN,LWR,4
CHRIS MATTHEWS,LWR,5
"STEVE SMITH,SR",RWR,1
MICHAEL CAMPANARO,RWR,2
JEREMY BUTLER,RWR,3
KAELIN CLAY,RWR,4
KAELIN CLAY,RWR,5
MIKE WALLACE,SWR,1
CHRIS MOORE,SWR,2
KEENAN REYNOLDS,SWR,3
EUGENE MONROE,LT,1
BLAINE CLAUSELL,LT,2
STEPHANE NEMBOT,LT,3
RONNIE STANLEY,LG,1
JOHN URSCHEL,LG,2
JAMES HURST,LG,3
JEREMY ZUTTAH,C,1
RYAN JENSEN,C,2
MATT SKURA,C,3
MARSHAL YANDA,RG,1
VLADIMIR DUCASSE,RG,2
JARELL BROXTON,RG,3
ANTHONY FABIANO,RG,4
RICKY WAGNER,RT,1
ALEX LEWIS,RT,2
DE'ONDRE WESLEY,RT,3
CROCKETT GILLMORE,TE,1
MAXX WILLIAMS,TE,2
BENJAMIN WATSON,TE,1
DENNIS PITTA,TE,2
JOE FLACCO,QB,1
RYAN MALLETT,QB,2
JOSH JOHNSON,QB,3
JERROD JOHNSON,QB,4
KYLE JUSZCZYK,FB,1
JUSTIN FORSETT,RB,1
JAVORIUS ALLEN,RB,2
TERRANCE WEST,RB,3
LORENZO TALIAFERRO,RB,1
KENNETH DIXON,RB,2
TRENT RICHARDSON,RB,3
TIMMY JERNIGAN,DT,1
KAPRON MOORE,DT,2
MICHAEL PIERCE,DT,3
BRANDON WILLIAMS,NT,1
CARL DAVIS,NT,2
WILLIE HENRY,NT,3
TREVON COLEY,NT,4
LAWRENCE GUY,DE,1
BRENT URBAN,DE,2
BRONSON KAUFUSI,DE,3
MARIO OJEMUDIA,DE,4
TERRELL SUGGS,OLB,1
ZA'DARIUS SMITH,OLB,2
MATT JUDON,OLB,3
ALBERT MCCLELLAN,OLB,4
CJ MOSLEY,ILB,1
BRENNEN BEYER,ILB,2
ALBERT MCCLELLAN,ILB,3
ARTHUR BROWN,ILB,1
ZACH ORR,ILB,2
CAVELLIS LUCKETT,ILB,3
ELVIS DUMERVIL,SLB,1
KAMALEI CORREA,SLB,2
CHRIS CARTER,SLB,3
VICTOR OCHI,SLB,4
LARDARIUS WEBB,LCB,1
KYLE ARRINGTON,LCB,2
SHELDON PRICE,LCB,3
JULIAN WILSON,LCB,4
JERRAUD POWERS,LCB,5
SAM BROWN,LCB,5
MAURICE CANADY,SS,1
PATRICK ONWUASOR,SS,2
ERIC WEDDLE,FS,1
KENDRICK LEWIS,FS,2
TERRENCE BROOKS,FS,3
ANTHONY LEVINE,FS,4
JIMMY SMITH,RCB,1
WILL DAVIS,RCB,2
SHAREECE WRIGHT,RCB,3
JUMAL ROLLE,RCB,4
TAVON YOUNG,RCB,5
SAM KOCH,P,1
JUSTIN TUCKER,PK,1
WIL LUTZ,PK,2
MORGAN COX,LS,1
SAM KOCH,H,1
LARDARIUS WEBB,PR,1
KAELIN CLAY,PR,2
KAELIN CLAY,KR,1
JUSTIN TUCKER,KO,1
NICK BOYLE,SUS,1
MATT ELAM,SUS,2
AJ GREEN,LWR,1
BRANDON TATE,LWR,2
CODY CORE,LWR,3
MARIO ALFORD,LWR,4
JAKE KUMEROW,LWR,5
ALONZO RUSSELL,LWR,5
BRANDON LAFELL,RWR,1
JAMES WRIGHT,RWR,2
TYLER BOYD,RWR,3
MICHAEL BENNETT,RWR,4
ALEX ERICKSON,RWR,5
ANTWANE GRANT,RWR,5
ANDREW WHITWORTH,LT,1
CEDRIC OGBUEHI,LT,2
JOHN WEIDENAAR,LT,3
CLINT BOLING,LG,1
CHRISTIAN WESTERMAN,LG,2
ALEX COOPER,LG,3
RUSSELL BODINE,C,1
TJ JOHNSON,C,2
ALEX REDMOND,C,3
KEVIN ZEITLER,RG,1
TREY HOPKINS,RG,2
TRIP THURMAN,RG,3
ERIC WINSTON,RT,1
JAKE FISHER,RT,2
AARON EPPS,RT,3
TYLER EIFERT,TE,1
TYLER KROFT,TE,2
CJ UZOMAH,TE,3
JOHN PETERS,TE,4
MATT LENGEL,TE,5
RYAN HEWITT,TE/HB,1
ANDREW BONNET,TE/HB,2
ANDY DALTON,QB,1
AJ MCCARRON,QB,2
KEITH WENNING,QB,3
JOE LICATA,QB,4
JEREMY HILL,RB,1
GIOVANI BERNARD,RB,2
CEDRIC PEERMAN,RB,3
REX BURKHEAD,RB,4
BRONSON HILL,RB,5
TRA CARSON,RB,4
DYSHAWN MOBLEY,RB,5
CARLOS DUNLAP,LDE,1
MARGUS HUNT,LDE,2
DOMATA PEKO,NT,1
PAT SIMS,NT,2
ANDREW BILLINGS,NT,3
DESHAWN WILLIAMS,NT,4
GENO ATKINS,RDT,1
BRANDON THOMPSON,RDT,2
MARCUS HARDISON,RDT,3
DAVID DEAN,RDT,4
MICHAEL JOHNSON,RDE,1
WILL CLARKE,RDE,2
RYAN BROWN,RDE,3
KARLOS DANSBY,SLB,1
TREVOR ROACH,SLB,2
JAYSON DIMANCHE,SLB,3
JEFF LUC,SLB,4
REY MAUALUGA,MLB,1
VINCENT REY,MLB,2
NICK VIGIL,MLB,3
DARIEN HARRIS,MLB,4
VONTAZE BURFICT,WLB,1
MARQUIS FLOWERS,WLB,2
PAUL DAWSON,WLB,3
DEZMOND JOHNSON,WLB,4
GIONNI PAUL,WLB,5
DRE KIRKPATRICK,LCB,1
DARQUEZE DENNARD,LCB,2
JOSH SHAW,LCB,3
DARIUS HILLARY,LCB,4
COREY TINDAL,LCB,5
GEORGE ILOKA,SS,1
SHAWN WILLIAMS,SS,2
TAYLOR MAYS,SS,3
DERRON SMITH,FS,1
CLAYTON FEJEDELEM,FS,2
FLOYD RAVEN,FS,3
ADAM JONES,RCB,1
WILLIAM JACKSON III,RCB,2
CHRIS HARRIS,RCB,3
CHYKIE BROWN,RCB,4
KEVIN HUBER,P,1
MIKE NUGENT,PK,1
ZACH HOCKER,PK,2
CLARK HARRIS,LS,1
KEVIN HUBER,H,1
MIKE NUGENT,KO,1
BRANDON TATE,PR,1
ADAM JONES,PR,2
GIOVANI BERNARD,PR,3
MARIO ALFORD,PR,4
BRANDON TATE,KR,1
ADAM JONES,KR,2
MARIO ALFORD,KR,3
JON BROWN,RES,1
COREY COLEMAN,LWR,1
ANDREW HAWKINS,LWR,2
TAYLOR GABRIEL,LWR,3
JORDAN PAYTON,LWR,4
RANNELL HALL,LWR,5
DENNIS PARKS,LWR,5
MARLON MOORE,RWR,1
RICARDO LOUIS,RWR,2
RASHARD HIGGINS,RWR,3
TERRELLE PRYOR,RWR,4
DARIUS JENNINGS,RWR,5
DAVID RICHARDS,RWR,5
JOE THOMAS,LT,1
DAN FRANCE,LT,2
JOEL BITONIO,LG,1
KALEB JOHNSON,LG,2
CONOR BOFFELI,LG,3
CAMERON ERVING,C,1
GARTH GERHART,C,2
MIKE MATTHEWS,C,3
JOHN GRECO,RG,1
SPENCER DRANGO,RG,2
ALVIN BAILEY,RG,3
AUSTIN PASZTOR,RT,1
SHON COLEMAN,RT,2
MICHAEL BOWIE,RT,3
ERLE LADSON,RT,4
GARY BARNIDGE,TE,1
EJ BIBBS,TE,2
CONNOR HAMLETT,TE,3
RANDALL TELFER,TE,4
SETH DEVALVE,TE,5
JP HOLTZ,TE,5
JOSH MCCOWN,QB,1
ROBERT GRIFFIN,QB,2
CODY KESSLER,QB,3
AUSTIN DAVIS,QB,4
CONNOR SHAW,QB,5
ISAIAH CROWELL,RB,1
DUKE JOHNSON,RB,2
GLENN WINSTON,RB,3
RAHEEM MOSTERT,RB,4
TERRELL WATSON,RB,5
MALCOLM JOHNSON,FB,1
PATRICK SKOV,FB,2
XAVIER COOPER,RDE,1
JOHN HUGHES,RDE,2
DYLAN WYNN,RDE,3
DANNY SHELTON,NT,1
JAMIE MEDER,NT,2
NILE STAMPLE,NT,3
KYLE ROSE,NT,4
DESMOND BRYANT,LDE,1
CARL NASSIB,LDE,2
ARMONTY BRYANT,LDE,3
PAUL KRUGER,OLB,1
JOE SCHOBERT,OLB,2
JACKSON JEFFCOAT,OLB,3
CHRISTIAN KIRKSEY,LILB,1
JUSTIN TUGGLE,LILB,2
SCOOBY WRIGHT,LILB,3
DEMARIO DAVIS,RILB,1
TANK CARDER,RILB,2
DOMINIQUE ALEXANDER,RILB,3
BARKEVIOUS MINGO,OLB,1
EMMANUEL OGBAH,OLB,2
NATE ORCHARD,OLB,3
CAM JOHNSON,OLB,4
JOE HADEN,LCB,1
PIERRE DESIR,LCB,2
JAMAR TAYLOR,LCB,3
CHARLES GAINES,LCB,4
TRACY HOWARD,LCB,5
IBRAHEIM CAMPBELL,SS,1
DERRICK KINDRED,SS,2
RAHIM MOORE,FS,1
JORDAN POYER,FS,2
SEAN BAKER,FS,3
TIM SCOTT,FS,4
DON JONES,FS,5
AJ STAMPS,FS,5
TRAMON WILLIAMS,RCB,1
K'WAUN WILLIAMS,RCB,2
JUSTIN GILBERT,RCB,3
TREY CALDWELL,RCB,4
MIKELL EVERETTE,RCB,5
ERIC PATTERSON,RCB,5
ANDY LEE,P,1
TRAVIS COONS,PK,1
CHARLEY HUGHLETT,LS,1
ANDY LEE,H,1
TRAMON WILLIAMS,PR,1
TAYLOR GABRIEL,PR,2
JORDAN POYER,PR,3
RAHEEM MOSTERT,KR,1
JUSTIN GILBERT,KR,2
MARLON MOORE,KR,3
DUKE JOHNSON,KR,4
JOSH GORDON,SUS,1
ANTONIO BROWN,LWR,1
SAMMIE COATES,LWR,2
ELI ROGERS,LWR,3
SHAKIM PHILLIPS,LWR,4
DEMARCUS AYERS,LWR,5
MARKUS WHEATON,RWR,1
DARRIUS BEY,RWR,2
ISSAC BLAKENEY,RWR,3
CANAAN SEVERIN,RWR,4
MARCUS TUCKER,RWR,5
LEVI NORWOOD,RWR,5
ALEJANDRO VILLANUEVA,LT,1
RYAN HARRIS,LT,2
JERALD HAWKINS,LT,3
RAMON FOSTER,LG,1
CHRIS HUBBARD,LG,2
MAURKICE POUNCEY,C,1
CODY WALLACE,C,2
BJ FINNEY,C,3
QUINTON SCHOOLEY,C,4
DAVID DECASTRO,RG,1
COLE MANHART,RG,2
MARCUS GILBERT,RT,1
MATT FEILER,RT,2
LADARIUS GREEN,TE,1
JESSE JAMES,TE,2
PAUL LANG,TE,3
MATT SPAETH,TE,1
XAVIER GRIMBLE,TE,2
BEN ROETHLISBERGER,QB,1
BRUCE GRADKOWSKI,QB,2
LANDRY JONES,QB,3
DUSTIN VAUGHAN,QB,4
ROOSEVELT NIX,FB,1
DAVID JOHNSON,FB,2
LE'VEON BELL,RB,1
DEANGELO WILLIAMS,RB,2
FITZGERALD TOUSSAINT,RB,3
DARYL RICHARDSON,RB,4
BRANDON DUKES,RB,5
CAMERON STINGILY,RB,5
CAMERON HEYWARD,LDE,1
CAUSHAUD LYONS,LDE,2
LAVON HOOKS,LDE,3
GIORGIO NEWBERRY,LDE,4
DANIEL MCCULLERS,NT,1
JAVON HARGRAVE,NT,2
ROY PHILON,NT,3
RICARDO MATHEWS,NT,4
DEVAUNTE SIGLER,NT,5
STEPHON TUITT,RDE,1
LETERRIUS WALTON,RDE,2
BRIAN MIHALIK,RDE,3
JOHNNY MAXEY,RDE,4
BUD DUPREE,LOLB,1
ARTHUR MOATS,LOLB,2
TRAVIS FEENEY,LOLB,3
KEVIN ANDERSON,LOLB,4
RYAN SHAZIER,LILB,1
STEVEN JOHNSON,LILB,2
TYLER MATAKEVICH,LILB,3
LAWRENCE TIMMONS,RILB,1
VINCE WILLIAMS,RILB,2
LJ FORT,RILB,3
JARVIS JONES,ROLB,1
JAMES HARRISON,ROLB,2
ANTHONY CHICKILLO,ROLB,3
JORDAN ZUMWALT,ROLB,4
WILLIAM GAY,LCB,1
SENQUEZ GOLSON,LCB,2
DORAN GRANT,LCB,3
AL-HAJJ SHABAZZ,LCB,4
SHAMARKO THOMAS,SS,1
SEAN DAVIS,SS,2
JORDAN DANGERFIELD,SS,3
RAY VINOPAL,SS,4
MIKE MITCHELL,FS,1
ROBERT GOLDEN,FS,2
ROSS VENTRONE,FS,3
JACOB HAGEN,FS,4
ROSS COCKRELL,RCB,1
ARTIE BURNS,RCB,2
MONTELL GARNER,RCB,3
DONALD WASHINGTON,RCB,4
JORDAN BERRY,P,1
WILL MONDAY,P,2
SHAUN SUISHAM,PK,1
CHRIS BOSWELL,PK,2
GREG WARREN,LS,1
MATT DOOLEY,LS,2
JORDAN BERRY,H,1
ANTONIO BROWN,PR,1
MARKUS WHEATON,PR,2
MARKUS WHEATON,KR,1
FITZGERALD TOUSSAINT,KR,2
MARTAVIS SUS BRYANT,SUS,1
DEANDRE HOPKINS,LWR,1
CECIL SHORTS,LWR,2
JOSH LENZ,LWR,3
BRAXTON MILLER,LWR,4
TEVIN JONES,LWR,5
WILL FULLER,RWR,1
KEITH MUMPHERY,RWR,2
JAELEN STRONG,RWR,3
RICHARD MULLANEY,RWR,4
WENDALL WILLIAMS,RWR,5
DUANE BROWN,LT,1
CHRIS CLARK,LT,2
ANDREW MCDONALD,LT,3
ARTURO UZDAVINIS,LT,4
XAVIER FILO,LG,1
CHAD SLADE,LG,2
NICK MARTIN,C,1
GREG MANCZ,C,2
TONY BERGSTROM,C,3
DALTON FREEMAN,C,4
JEFF ALLEN,RG,1
ODAY ABOUSHI,RG,2
KARIM BARTON,RG,3
DEREK NEWTON,RT,1
JEFF ADAMS,RT,2
KENDALL LAMM,RT,3
CJ FIEDOROWICZ,TE,1
RYAN GRIFFIN,TE,2
AD DENHAM,TE,3
ERIC TOMLINSON,TE,4
STEPHEN ANDERSON,TE,5
BROCK OSWEILER,QB,1
TOM SAVAGE,QB,2
BRANDON WEEDEN,QB,3
JAY PROSCH,FB,1
SOMA VAINUKU,FB,2
LAMAR MILLER,RB,1
ALFRED BLUE,RB,2
TYLER ERVIN,RB,3
JONATHAN GRIMES,RB,4
KENNY HILLIARD,RB,5
AKEEM HUNT,RB,5
JJ WATT,RDE,1
JEOFFREY PAGAN,RDE,2
GERALD RIVERS,RDE,3
DAN PETTINATO,RDE,4
VINCE WILFORK,NT,1
CHRISTIAN COVINGTON,NT,2
DJ READER,NT,3
BRANDON DUNN,LDE,1
DEVON STILL,LDE,2
JOEL HEATH,LDE,3
UFOMBA KAMALU,LDE,4
WHITNEY MERCILUS,SLB,1
CARLOS THOMPSON,SLB,2
BRENNAN SCARLETT,SLB,3
RYAN LANGFORD,SLB,4
BRIAN CUSHING,LILB,1
AKEEM DENT,LILB,2
MAX BULLOUGH,LILB,3
RESHARD CLIETT,LILB,4
BENARDRICK MCKINNEY,RILB,1
BRIAN PETERS,RILB,2
SHAKEEL RASHAD,RILB,3
ERIC LEE,RILB,4
JADEVEON CLOWNEY,OLB,1
JOHN SIMON,OLB,2
TONY WASHINGTON,OLB,3
KAREEM JACKSON,LCB,1
KEVIN JOHNSON,LCB,2
ROBERT NELSON,LCB,3
RICHARD LEONARD,LCB,4
EDDIE PLEASANT,SS,1
KURTIS DRUMMOND,SS,2
QUINTIN DEMPS,SS,3
KJ DILLON,SS,4
ANDRE HAL,FS,1
ANTONIO ALLEN,FS,2
LONNIE BALLENTINE,FS,3
COREY MOORE,FS,4
JOHNATHAN JOSEPH,RCB,1
AJ BOUYE,RCB,2
CHARLES JAMES,RCB,3
CLEVELAND WALLACE III,RCB,4
DUKE THOMAS,RCB,5
SHANE LECHLER,P,1
NICK NOVAK,PK,1
KA'IMI FAIRBAIRN,PK,2
JONATHAN WEEKS,LS,1
SHANE LECHLER,H,1
KEITH MUMPHERY,PR,1
CECIL SHORTS,PR,2
KEITH MUMPHERY,KR,1
DAVID QUESSENBERRY,RES,1
DONTE MONCRIEF,LWR,1
QUAN BRAY,LWR,2
JOSH BOYCE,LWR,3
BRIAN TYMS,LWR,4
DANNY ANTHROP,LWR,5
MARCUS LEAK,LWR,5
TY HILTON,RWR,1
PHILLIP DORSETT,RWR,2
JOSHUA STANGBY,RWR,3
MEKALE MCKAY,RWR,4
TEVAUN SMITH,RWR,5
CHESTER ROGERS,RWR,5
ANTHONY CASTONZO,LT,1
LE'RAVEN CLARK,LT,2
KEVIN GRAF,LT,3
JACK MEWHORT,LG,1
HUGH THORNTON,LG,2
KITT O'BRIEN,LG,3
RYAN KELLY,C,1
AUSTIN BLYTHE,C,2
JONOTTHAN HARRISON,RG,1
ADAM REDMOND,RG,2
JEREMY VUJNOVICH,RG,3
DENZELLE GOOD,RT,1
JOE HAEG,RT,2
JOE REITZ,RT,3
MITCHELL VAN DYK,RT,4
DWAYNE ALLEN,TE,1
JACK DOYLE,TE,2
DARION GRISWOLD,TE,3
ERIK SWOOPE,TE,1
MICHAEL MILLER,TE,2
ANDREW LUCK,QB,1
SCOTT TOLZIEN,QB,2
STEPHEN MORRIS,QB,3
JOSH WOODRUM,QB,4
FRANK GORE,RB,1
ROBERT TURBIN,RB,2
JORDAN TODMAN,RB,3
TREY WILLIAMS,RB,4
TYLER VARGA,RB,5
JOSH FERGUSON,RB,5
KENDALL LANGFORD,LDE,1
HENRY ANDERSON,LDE,2
EARL OKINE,LDE,3
DELVON SIMMONS,LDE,4
DAVID PARRY,NT,1
ZACH KERR,NT,2
RICKY LUMPKIN,NT,3
ARTHUR JONES,DT,1
HASSAN RIDGEWAY,DT,2
TY MCGILL,DT,3
KELCY QUARLES,DT,4
STERLING BAILEY,DT,5
ERIK WALDEN,OLB,1
TREVOR BATES,OLB,2
RON THOMPSON,OLB,3
CURT MAGGITT,OLB,4
D'QWELL JACKSON,ILB,1
SIO MOORE,ILB,2
ANTONIO MORRISON,ILB,3
JUNIOR SYLVESTRE,ILB,4
NATE IRVING,ILB,1
AMARLO HERRERA,ILB,2
EDWIN JACKSON,ILB,3
TRENT COLE,OLB,1
ROBERT MATHIS,OLB,2
JOSH MCNARY,OLB,3
PATRICK ROBINSON,LCB,1
D'JOUN SMITH,LCB,2
JALIL BROWN,LCB,3
TEVIN MITCHEL,LCB,4
DANIEL DAVIE,LCB,5
FRANKIE WILLIAMS,LCB,5
MIKE ADAMS,SS,1
DEZMEN SOUTHWARD,SS,2
ANDREW WILLIAMSON,SS,3
STEFAN MCCLURE,SS,4
CLAYTON GEATHERS,FS,1
WINSTON GUY,FS,2
TJ GREEN,FS,3
VONTAE DAVIS,RCB,1
DARIUS BUTLER,RCB,2
DEVONTA WRIGHT,RCB,3
CHRIS MILTON,RCB,4
DARIUS WHITE,RCB,5
WINSTON ROSE,RCB,5
PAT MCAFEE,P,1
ADAM VINATIERI,PK,1
MATT OVERTON,LS,1
PAT MCAFEE,H,1
PAT MCAFEE,KO,1
QUAN BRAY,PR,1
PHILLIP DORSETT,PR,2
QUAN BRAY,KR,1
MIKE MCFARLAND,RES,1
ISIAH CAGE,RES,2
ALLEN ROBINSON,LWR,1
RASHAD GREENE,LWR,2
TONY WASHINGTON,LWR,3
BRYAN WALTERS,LWR,4
RASHEED BAILEY,LWR,5
ALLEN HURNS,RWR,1
MARQISE LEE,RWR,2
NEAL STERLING,RWR,3
ARRELIOUS BENN,RWR,4
SHAQUELLE EVANS,RWR,5
JAMAL ROBINSON,RWR,5
LUKE JOECKEL,LT,1
KELVIN BEACHUM,LT,2
RASHOD HILL,LT,3
MACKENZY BERNADEAU,LG,1
JEFF LINKENBACH,LG,2
KADEEM EDWARDS,LG,3
LUKE BOWANKO,C,1
TYLER SHATLEY,C,2
AJ CANN,RG,1
BRANDON LINDER,RG,2
PATRICK OMAMEH,RG,3
JERMEY PARNELL,RT,1
JOSH WELLS,RT,2
CHRIS REED,RT,3
PEARCE SLATER,RT,4
MARCEDES LEWIS,TE,1
NIC JACOBS,TE,2
BRAEDON BOWMAN,TE,3
JULIUS THOMAS,TE,1
BEN KOYACK,TE,2
BLAKE BORTLES,QB,1
CHAD HENNE,QB,2
BRANDON ALLEN,QB,3
MAX WITTEK,QB,4
CHRIS IVORY,RB,1
TJ YELDON,RB,2
DENARD ROBINSON,RB,3
JONAS GRAY,RB,4
COREY GRANT,RB,5
JOE BANYARD,RB,5
MALIK JACKSON,LDE,1
CHRIS SMITH,LDE,2
RYAN DAVIS,LDE,3
JONATHAN WOODARD,LDE,4
TYSON ALUALU,DT,1
MIKE BENNETT,DT,2
ABRY JONES,DT,3
ROY MILLER,DT,1
SEN'DERRICK MARKS,DT,2
SHELDON DAY,DT,3
RICHARD ASH,DT,4
DANTE FOWLER JR.,RDE,1
JARED ODRICK,RDE,2
QUANTERUS SMITH,RDE,3
YANNICK NGAKOUE,RDE,4
TELVIN SMITH,OLB,1
JORDAN TRIPP,OLB,2
TYRONE HOLMES,OLB,3
BJOERN WERNER,OLB,4
PAUL POSLUSZNY,MLB,1
THURSTON ARMBRISTER,MLB,2
JOPLO BARTU,MLB,3
MYLES JACK,OLB,1
DAN SKUTA,OLB,2
HAYES PULLARD,OLB,3
SEAN PORTER,OLB,4
DAVON HOUSE,LCB,1
DWAYNE GRATZ,LCB,2
PEYTON THOMPSON,LCB,3
JOSH JOHNSON,LCB,4
BRIEAN CALHOUN,LCB,5
JONATHAN CYPRIEN,SS,1
JOSH EVANS,SS,2
JAMES SAMPLE,SS,3
EARL WOLFF,SS,4
TASHAUN GIPSON,FS,1
CRAIG LOSTON,FS,2
JARROD WILSON,FS,3
JALEN RAMSEY,RCB,1
AARON COLVIN,RCB,2
PRINCE AMUKAMARA,RCB,3
DEMETRIUS MCCRAY,RCB,4
NICK MARSHALL,RCB,5
MIKE HILTON,RCB,4
RASHAAD REYNOLDS,RCB,5
BRAD NORTMAN,P,1
JASON MYERS,PK,1
CARSON TINKER,LS,1
BRAD NORTMAN,H,1
NICK MARSHALL,PR,1
DENARD ROBINSON,KR,1
NICK MARSHALL,KR,2
JUSTIN BLACKMON,SUS,1
HARRY DOUGLAS,LWR,1
DORIAL BECKHAM,LWR,2
TAJAE SHARPE,LWR,3
BEN ROBERTS,LWR,4
KENDALL WRIGHT,RWR,1
JUSTIN HUNTER,RWR,2
TRE MCBRIDE,RWR,3
ANDREW TURZILLI,RWR,4
REECE HORN,RWR,5
RISHARD MATTHEWS,SWR,1
TAYLOR LEWAN,LT,1
WILLIAM POEHLS,LT,2
TYLER MARZ,LT,3
JEREMIAH POUTASI,LG,1
QUINTON SPAIN,LG,2
JOSUE MATIAS,LG,3
BRIAN SCHWENKE,C,1
BEN JONES,C,2
ANDY GALLIK,C,3
CHANCE WARMACK,RG,1
SEBASTIAN TRETOLA,RG,2
NICK RITCHER,RG,3
JACK CONKLIN,RT,1
SAM CARLSON,RT,2
DELANIE WALKER,TE,1
CRAIG STEVENS,TE,2
JEROME CUNNINGHAM,TE,3
ANTHONY FASANO,TE,1
PHILLIP SUPERNAW,TE,2
ALEX ELLIS,TE,3
MARCUS MARIOTA,QB,1
MATT CASSEL,QB,2
ALEX TANNEY,QB,3
DEMARCO MURRAY,RB,1
DERRICK HENRY,RB,2
ANTONIO ANDREWS,RB,3
BISHOP SANKEY,RB,4
DEXTER MCCLUSTER,RB,5
DAVID COBB,RB,4
DAVID FLUELLEN,RB,5
JALSTON FOWLER,FB,1
SAM BERGEN,FB,2
DAQUAN JONES,LDE,1
ROPATI PITOITUA,LDE,2
MEHDI ABDESMAD,LDE,3
TERRELL LATHAN,LDE,4
AL WOODS,NT,1
AUSTIN JOHNSON,NT,2
ANTWAUN WOODS,NT,3
JURRELL CASEY,DT,1
KARL KLUG,DT,2
ANGELO BLACKSON,DT,3
MICHAEL SMITH,DT,4
DERRICK MORGAN,LOLB,1
DEIONTREZ MOUNT,LOLB,2
JUSTIN STAPLES,LOLB,3
WESLEY WOODYARD,LILB,1
CURTIS GRANT,LILB,2
AARON WALLACE,LILB,3
AVERY WILLIAMSON,RILB,1
SEAN SPENCE,RILB,2
NATE PALMER,RILB,3
BRIAN ORAKPO,ROLB,1
KEVIN DODD,ROLB,2
DAVID BASS,ROLB,3
JR TAVAI,ROLB,4
BRICE MCCAIN,LCB,1
PERRISH COX,LCB,2
BLIDI WILSON,LCB,3
CODY RIGGS,LCB,4
CURTIS RILEY,LCB,5
BENNETT OKOTCHA,LCB,5
DA'NORRIS SEARCY,SS,1
KEVIN BYARD,SS,2
DAIMION STAFFORD,SS,3
MARQUESTON HUFF,FS,1
ANTWON BLAKE,FS,2
RASHAD JOHNSON,FS,3
LAMARCUS BRUTUS,FS,4
JASON MCCOURTY,RCB,1
LESHAUN SIMS,RCB,2
BW WEBB,RCB,3
JOSH AUBREY,RCB,4
KALAN REED,RCB,5
BRETT KERN,P,1
RYAN SUCCOP,P,2
RYAN SUCCOP,PK,1
BRETT KERN,PK,2
ALDRICK ROSAS,PK,3
BEAU BRINKLEY,LS,1
ANTONIO ANDREWS,LS,2
BRETT KERN,H,1
RYAN SUCCOP,KO,1
BRETT KERN,KO,2
HARRY DOUGLAS,PR,1
ANTONIO ANDREWS,KR,1
MORGAN BURNS,RET,1
BYRON BELL,RES,1
DEMARYIUS THOMAS,LWR,1
BENNIE FOWLER,LWR,2
JORDAN TAYLOR,LWR,3
BRALON ADDISON,LWR,4
MOSE FRAZIER,LWR,5
EMMANUEL SANDERS,RWR,1
JORDAN NORWOOD,RWR,2
CODY LATIMER,RWR,3
DEVIER POSEY,RWR,4
DURRON NEAL,RWR,5
KALIF RAYMOND,RWR,5
RUSSELL OKUNG,LT,1
TY SAMBRAILO,LT,2
LARS HANSON,LT,3
MAX GARCIA,LG,1
JUSTIN MURRAY,LG,2
AARON NEARY,LG,3
MATT PARADIS,C,1
JAMES FERENTZ,C,2
SAM BRENNER,C,3
DILLON DAY,C,4
CONNOR MCGOVERN,RG,1
ROBERT MYERS,RG,2
CAMERON JEFFERSON,RG,3
DONALD STEPHENSON,RT,1
MICHAEL SCHOFIELD,RT,2
DARRION WEEMS,RT,3
KYLE ROBERTS,RT,4
VIRGIL GREEN,TE,1
MANASSEH GARNER,TE,2
HENRY COBLE,TE,3
JEFF HEUERMAN,TE,1
GARRETT GRAHAM,TE,2
MARK SANCHEZ,QB,1
TREVOR SIEMIAN,QB,2
PAXTON LYNCH,QB,3
JUWAN THOMPSON,RB,1
CYRUS GRAY,RB,2
DEVONTAE BOOKER,RB,3
CJ ANDERSON,RB,1
RONNIE HILLMAN,RB,2
KAPRI BIBBS,RB,3
VIRGIL GREEN,FB,1
JUWAN THOMPSON,FB,2
ANDY JANOVICH,FB,3
DEREK WOLFE,LDE,1
VANCE WALKER,LDE,2
CALVIN HEURTELOU,LDE,3
SHANEIL JENKINS,LDE,4
SYLVESTER WILLIAMS,NT,1
DARIUS KILGO,NT,2
PHIL TAYLOR,NT,3
DAVID MOALA,NT,4
JARED CRICK,RDE,1
ADAM GOTSIS,RDE,2
EDDIE YARBROUGH,RDE,3
KYLE PEKO,RDE,4
VON MILLER,SLB,1
SHAQUIL BARRETT,SLB,2
VONTARRIUS DORA,SLB,3
SADAT SULLEYMAN,SLB,4
KYLE KRAGEN,SLB,5
DEMARCUS WARE,WLB,1
SHANE RAY,WLB,2
KENNY ANUNIKE,WLB,3
ZAIRE ANDERSON,WLB,4
DWAYNE NORMAN,WLB,5
BRANDON MARSHALL,ILB,1
COREY NELSON,ILB,2
DEKODA WATSON,ILB,3
TODD DAVIS,ILB,1
FRANK SHANNON,ILB,2
AQIB TALIB,LCB,1
KAYVON WEBSTER,LCB,2
LORENZO DOSS,LCB,3
BRANDIAN ROSS,LCB,4
TJ WARD,SS,1
WILLIAM PARKS,SS,2
SHILOH KEO,SS,3
DARIAN STEWART,FS,1
JUSTIN SIMMONS,FS,2
ANTONIO GLOVER,FS,3
CHRIS HARRIS,RCB,1
BRADLEY ROBY,RCB,2
TAUREAN NIXON,RCB,3
BJ LOWERY,RCB,4
JOHN TIDWELL,RCB,5
BRITTON COLQUITT,P,1
RILEY DIXON,P,2
BRANDON MCMANUS,PK,1
BRANDON MCMANUS,KO,1
CASEY KREITER,LS,1
NATHAN THEUS,LS,2
BRITTON COLQUITT,H,1
EMMANUEL SANDERS,PR,1
EMMANUEL SANDERS,KR,1
ALBERT WILSON,LWR,1
FRANKIE HAMMOND,LWR,2
DE'ANTHONY THOMAS,LWR,3
DA'RON BROWN,LWR,4
KASHIF MOORE,LWR,5
MITCH MATHEWS,LWR,5
JEREMY MACLIN,RWR,1
ROD STREATER,RWR,2
CHRIS CONLEY,RWR,3
TYREEK HILL,RWR,4
DEMARCUS ROBINSON,RWR,5
KENNY COOK,RWR,4
MIKE WILLIAMS,RWR,5
ERIC FISHER,LT,1
CURTIS FEIGT,LT,2
JARROD PUGHSLEY,LG,1
PARKER EHINGER,LG,2
GARRICK MAYWEATHER,LG,3
MITCH MORSE,C,1
ZACH FULTON,C,2
DREW NOWAK,C,3
DANIEL MUNYER,C,4
LAURENT TARDIF,RG,1
JORDAN DEVEY,RG,2
ZACH STERUP,RG,3
MITCHELL SCHWARTZ,RT,1
JAH REID,RT,2
REID FRAGEL,RT,3
TRAVIS KELCE,TE,1
JAMES O'SHAUGHNESSY,TE,2
DEMETRIUS HARRIS,TE,3
BRIAN PARKER,TE,4
ROSS TRAVIS,TE,5
ALEX SMITH,QB,1
AARON MURRAY,QB,2
KEVIN HOGAN,QB,3
TYLER BRAY,QB,4
ANTHONY SHERMAN,FB,1
SPENCER WARE,FB,2
TREY MILLARD,FB,3
JAMAAL CHARLES,RB,1
CHARCANDRICK WEST,RB,2
SPENCER WARE,RB,3
KNILE DAVIS,RB,4
DARRIN REAVES,RB,5
CHRIS JONES,LDE,1
RAKEEM ROCHES,LDE,2
JIMMY STATEN,LDE,3
DOMINIQUE DAVIS,LDE,4
JAYE HOWARD,NT,1
DONTARI POE,NT,2
ALAMEDA TA'AMU,NT,3
DAVID KING,NT,4
ALLEN BAILEY,RDE,1
NICHOLAS WILLIAMS,RDE,2
JUSTIN HOUSTON,LOLB,1
FRANK ZOMBO,LOLB,2
DADI NICOLAS,LOLB,3
ANDY MULUMBA,LOLB,4
DERRICK JOHNSON,LILB,1
DJ ALEXANDER,LILB,2
TYRELL ADAMS,LILB,3
JOSH MAUGA,RILB,1
RAMIK WILSON,RILB,2
TERRANCE SMITH,RILB,3
TAMBA HALI,ROLB,1
DEE FORD,ROLB,2
JONATHAN MASSAQUOI,ROLB,3
DEZMAN MOSES,ROLB,4
JUSTIN MARCH,ROLB,5
MARCUS PETERS,LCB,1
KEIVARAE RUSSELL,LCB,2
MARCUS COOPER,LCB,3
DEVERON CARR,LCB,4
VERNON HARRIS,LCB,5
TRE JONES,LCB,5
JAMELL FLEMING,SS,1
STEVIE BROWN,SS,2
RON PARKER,SS,3
SHAKIEL RANDOLPH,SS,4
PENI VEA,SS,5
ERIC BERRY,FS,1
DANIEL SORENSEN,FS,2
PHILLIP GAINES,RCB,1
STEVEN NELSON,RCB,2
ERIC MURRAY,RCB,3
DJ WHITE,RCB,4
SHANNON EDWARDS,RCB,5
DUSTIN COLQUITT,P,1
CAIRO SANTOS,P,2
CAIRO SANTOS,PK,1
DUSTIN COLQUITT,PK,2
JAMES WINCHESTER,LS,1
DUSTIN COLQUITT,H,1
CAIRO SANTOS,KO,1
DUSTIN COLQUITT,KO,2
FRANKIE HAMMOND,PR,1
KNILE DAVIS,KR,1
TAUTVYDAS KIERAS,RES,1
MICHAEL CRABTREE,LWR,1
SETH ROBERTS,LWR,2
MAXWELL MCCAFFREY,LWR,3
JOHNNY HOLTON,LWR,4
JAYDON MICKENS,LWR,5
NATHAN PALMER,LWR,5
AMARI COOPER,RWR,1
ANDRE HOLMES,RWR,2
KJ BRENT,RWR,3
JOE HANSLEY,RWR,4
MARVIN HALL,RWR,5
DONALD PENN,LT,1
MATT MCCANTS,LT,2
GABE JACKSON,LG,1
JON FELICIANO,LG,2
ONI OMOILE,LG,3
DENVER KIRKLAND,LG,4
RODNEY HUDSON,C,1
ROSS BURBANK,C,2
KELECHI OSEMELE,RG,1
VADAL ALEXANDER,RG,2
MITCHELL BELL,RG,3
TERRAN VAUGHN,RG,4
AUSTIN HOWARD,RT,1
MENELIK WATSON,RT,2
TORIAN WHITE,RT,3
CLIVE WALFORD,TE,1
LEE SMITH,TE,2
MYCHAL RIVERA,TE,3
GABE HOLMES,TE,4
COLTON UNDERWOOD,TE,5
RYAN O'MALLEY,TE,5
DEREK CARR,QB,1
MATT MCGLOIN,QB,2
CONNOR COOK,QB,3
MARCEL REECE,FB,1
JAMIZE OLAWALE,FB,2
LATAVIUS MURRAY,RB,1
TAIWAN JONES,RB,2
ROY HELU,RB,3
GEORGE ATKINSON,RB,4
DEANDRE WASHINGTON,RB,5
JALEN RICHARD,RB,5
MARIO EDWARDS JR.,RDE,1
DENICO AUTRY,RDE,2
JIHAD WARD,RDE,3
DAMONTRE MOORE,RDE,4
JUSTIN ELLIS,NT,1
STACY MCGEE,NT,2
DAN WILLIAMS,LDT,1
LEON ORR,LDT,2
DARIUS LATHAM,LDT,3
KHALIL MACK,LDE,1
DREW IDDINGS,LDE,2
GREG TOWNSEND JR.,LDE,3
BRANDEN JACKSON,LDE,4
BRUCE IRVIN,SLB,1
SHILIQUE CALHOUN,SLB,2
JOHN LOTULELEI,SLB,3
JAMES COWSER,SLB,4
BEN HEENEY,MLB,1
DAREN BATES,MLB,2
CORY JAMES,MLB,3
KYRIE WILSON,MLB,4
MALCOLM SMITH,WLB,1
KOREY TOOMER,WLB,2
JIMMY HALL,WLB,3
NEIRON BALL,WLB,4
SEAN SMITH,LCB,1
DJ HAYDEN,LCB,2
NEIKO THORPE,LCB,3
DEXTER MCDONALD,LCB,4
KENNETH DURDEN,LCB,5
KARL JOSEPH,S,1
TRAVIS CARRIE,S,2
NATE ALLEN,S,3
CHRIS HACKETT,S,4
CHRIS EDWARDS,S,5
REGGIE NELSON,S,1
DEXTER MCDONALD,S,2
DEWEY MCDONALD,S,3
BRYNDEN TRAWICK,S,4
DAVID AMERSON,RCB,1
KEITH MCGILL,RCB,2
SAQWAN EDWARDS,RCB,3
ANTONIO HAMILTON,RCB,4
TRAVIS CARRIE,N-B,1
MARQUETTE KING,P,1
SEBASTIAN JANIKOWSKI,PK,1
GIORGIO TAVECCHIO,PK,2
JON CONDO,LS,1
ANDREW EAST,LS,2
SEBASTIAN JANIKOWSKI,KO,1
MARQUETTE KING,H,1
TRAVIS CARRIE,PR,1
JOE HANSLEY,PR,2
TAIWAN JONES,KR,1
ALDON SMITH,SUS,1
TRAVIS BENJAMIN,LWR,1
JAVONTEE HERNDON,LWR,2
ISAIAH BURSE,LWR,3
JAMAAL JONES,LWR,4
DEANDRE REAVES,LWR,5
KEENAN ALLEN,RWR,1
DONTRELLE INMAN,RWR,2
TYRELL WILLIAMS,RWR,3
TORRENCE ALLEN,RWR,4
DOM WILLIAMS,RWR,5
STEVIE JOHNSON,SWR,1
KING DUNLAP,LT,1
CHRIS HAIRSTON,LT,2
TYLER JOHNSTONE,LT,3
ORLANDO FRANKLIN,LG,1
KENNY WIGGINS,LG,2
VI TEOFILO,LG,3
MATT SLAUSON,C,1
MAX TUERK,C,2
CHRIS WATT,C,3
TREVOR ROBINSON,C,4
SPENCER PULLEY,C,5
DJ FLUKER,RG,1
DONAVON CLARK,RG,2
MIKE MCQUEEN,RG,3
JOE BARKSDALE,RT,1
TYREEK BURWELL,RT,2
BRETT BOYKO,RT,3
HUNTER HENRY,TE,1
SEAN MCGRATH,TE,2
TIM SEMISCH,TE,3
MATT WEISER,TE,4
ANTONIO GATES,TE,1
ASANTE CLEVELAND,TE,2
JEFF CUMBERLAND,TE,3
PHILIP RIVERS,QB,1
KELLEN CLEMENS,QB,2
ZACH METTENBERGER,QB,3
MIKE BERCOVICI,QB,4
MELVIN GORDON,RB,1
DANNY WOODHEAD,RB,2
BRANDEN OLIVER,RB,3
DREAMIUS SMITH,RB,4
KENNETH FARROW,RB,5
DEREK WATT,FB,1
CHRIS SWAIN,FB,2
JOEY BOSA,LDE,1
DARIUS PHILON,LDE,2
BEN GARDNER,LDE,3
CARLOS WRAY,LDE,4
BRANDON MEBANE,NT,1
SEAN LISSEMORE,NT,2
RYAN CARRETHERS,NT,3
CHUKA NDULUE,NT,4
COREY LIUGET,DT,1
TENNY PALEPOI,DT,2
DAMION SQUARE,DT,3
JEREMIAH ATTAOCHU,LOLB,1
TOUREK WILLIAMS,LOLB,2
TYLER MARCORDES,LOLB,3
MANTI TE'O,LILB,1
JOSHUA PERRY,LILB,2
JAMES ROSS,LILB,3
DENZEL PERRYMAN,RILB,1
NICK DZUBNAR,RILB,2
JATAVIS BROWN,RILB,3
MELVIN INGRAM,ROLB,1
KYLE EMANUEL,ROLB,2
SHAQ PETTEWAY,ROLB,3
CHRIS LANDRUM,ROLB,4
BRANDON FLOWERS,LCB,1
STEVE WILLIAMS,LCB,2
GREG DUCRE,LCB,3
TREVOR WILLIAMS,LCB,4
JAHLEEL ADDAE,SS,1
ADRIAN MCDONALD,SS,2
DWIGHT LOWERY,FS,1
DARRELL STUCKEY,FS,2
ADRIAN PHILLIPS,FS,3
DEXTER MCCOIL,FS,4
JASON VERRETT,RCB,1
CRAIG MAGER,RCB,2
RICHARD CRAWFORD,RCB,3
LARRY SCOTT,RCB,4
TERRELL CHESTNUT,RCB,5
CASEY HAYWARD,N-B,1
KASEY REDFERN,P,1
DREW KASER,P,2
JOSH LAMBO,PK,1
MIKE WINDT,LS,1
KASEY REDFERN,H,1
JAVONTEE HERNDON,PR,1
DANNY WOODHEAD,PR,2
JAVONTEE HERNDON,KR,1
DANNY WOODHEAD,KR,2
JOSH LAMBO,KO,1
BROCK HEKKING,RES,1
MATT DANIELS,RES,2
DEZ BRYANT,LWR,1
DEVIN STREET,LWR,2
VINCE MAYLE,LWR,3
CHRIS BROWN,LWR,4
TERRANCE WILLIAMS,RWR,1
BRICE BUTLER,RWR,2
RODNEY SMITH,RWR,3
ANDY JONES,RWR,4
COLE BEASLEY,SWR,1
LUCKY WHITEHEAD,SWR,2
ED EAGAN,SWR,3
TYRON SMITH,LT,1
CHARLES BROWN,LT,2
DAVID HEDELIN,LT,3
LA'EL COLLINS,LG,1
RONALD CF LEARY,LG,2
BOSTON STIVERSON,LG,3
TRAVIS FREDERICK,C,1
JOE LOONEY,C,2
JAKE BRENDEL,C,3
ZACK MARTIN,RG,1
JARED SMITH,RG,2
DOUG FREE,RT,1
CHAZ GREEN,RT,2
RYAN MACK,RT,3
JASON WITTEN,TE,1
GAVIN ESCOBAR,TE,2
RICO GATHERS,TE,3
JAMES HANNA,TE,1
GEOFF SWAIM,TE,2
AUSTIN TRAYLOR,TE,3
TONY ROMO,QB,1
KELLEN MOORE,QB,2
DAK PRESCOTT,QB,3
JAMEILL SHOWERS,QB,4
EZEKIEL ELLIOTT,RB,1
DARREN MCFADDEN,RB,2
ALFRED MORRIS,RB,3
LANCE DUNBAR,RB,4
DARIUS JACKSON,RB,5
ROD SMITH,RB,5
RYAN RUSSELL,LDE,1
CHARLES TAPPER,LDE,2
BENSON MAYOWA,LDE,3
CALEB AZUBIKE,LDE,4
CEDRIC THORNTON,LDT,1
TERRELL MCCLAIN,LDT,2
CASEY WALKER,LDT,3
RODNEY COE,LDT,4
TYRONE CRAWFORD,RDT,1
MALIEK COLLINS,RDT,2
JACK CRAWFORD,RDT,3
JUSTIN RENFROW,RDT,4
DEMARCUS LAWRENCE,RDE,1
DAVID IRVING,RDE,2
MICHAEL MCADOO,RDE,3
ZACH WOOD,RDE,4
ANTHONY HITCHENS,SLB,1
KYLE WILBER,SLB,2
JERRELL HARRIS,SLB,3
DEON KING,SLB,4
ROLANDO MCCLAIN,MLB,1
ANDREW GACHKAR,MLB,2
KEITH SMITH,MLB,3
SEAN LEE,WLB,1
DAMIEN WILSON,WLB,2
MARK NZEOCHA,WLB,3
DEREK AKUNNE,WLB,4
JAYLON SMITH,WLB,5
BRANDON CARR,LCB,1
JOSH THOMAS,LCB,2
BRANDON MCGEE,LCB,3
ARJEN COLQUHOUN,LCB,4
BYRON JONES,FS,1
JJ WILCOX,FS,2
JEFF HEATH,FS,3
BARRY CHURCH,SS,1
KAVON FRAZIER,SS,2
MORRIS CLAIBORNE,RCB,1
ANTHONY BROWN,RCB,2
DEJI OLATOYE,RCB,3
TERRANCE MITCHELL,RCB,4
JEREMIAH MCKINNON,RCB,5
ORLANDO SCANDRICK,N-B,1
ROLAN MILLIGAN,N-B,2
CHRIS JONES,P,1
DAN BAILEY,PK,1
MATT WILE,PK,2
LP LADOUCEUR,LS,1
CHRIS JONES,H,1
LUCKY WHITEHEAD,PR,1
COLE BEASLEY,PR,2
LUCKY WHITEHEAD,KR,1
COLE BEASLEY,KR,2
RANDY GREGORY,SUS,1
ODELL BECKHAM JR.,LWR,1
GEREMY DAVIS,LWR,2
MYLES WHITE,LWR,3
ROGER LEWIS,LWR,4
DONTE FOSTER,LWR,5
KADRON BOONE,LWR,5
VICTOR CRUZ,RWR,1
DWAYNE HARRIS,RWR,2
STERLING SHEPARD,RWR,3
TAVARRES KING,RWR,4
ANTHONY DABLE,RWR,5
DARIUS POWE,RWR,4
KJ MAYE,RWR,5
ERECK FLOWERS,LT,1
BRETT JONES,LT,2
JAKE RODGERS,LT,3
JUSTIN PUGH,LG,1
DILLON FARRELL,LG,2
RYAN SEYMOUR,LG,3
WESTON RICHBURG,C,1
SHANE MCDERMOTT,C,2
JOHN JERRY,RG,1
ADAM GETTIS,RG,2
MARSHALL NEWHOUSE,RT,1
BOBBY HART,RT,2
BYRON STINGILY,RT,3
EMMETT CLEARY,RT,4
LARRY DONNELL,TE,1
WILL TYE,TE,2
JERELL ADAMS,TE,3
MATT LACOSSE,TE,4
RYAN MALLECK,TE,5
ELI MANNING,QB,1
RYAN NASSIB,QB,2
BJ DANIELS,QB,3
RASHAD JENNINGS,RB,1
ANDRE WILLIAMS,RB,2
SHANE VEREEN,RB,3
PAUL PERKINS,RB,4
ORLEANS DARKWA,RB,5
MARSHAUN COPRICH,RB,4
BOBBY RAINEY,RB,5
NIKITA WHITLOCK,FB,1
WILL JOHNSON,FB,2
OWAMAGBE ODIGHIZUWA,LDE,1
KERRY WYNN,LDE,2
STANSLY MAPONGA,LDE,3
BRAD BARS,LDE,4
JOHNATHAN HANKINS,LDT,1
LOUIS NIX III,LDT,2
MELVIN LEWIS,LDT,3
DAMON HARRISON,RDT,1
JAY BROMLEY,RDT,2
MONTORI HUGHES,RDT,3
GREG MILHOUSE JR,RDT,4
OLIVIER VERNON,RDE,1
JASON PAUL,RDE,2
MIKE ROSE,RDE,3
ISHAQ WILLIAMS,RDE,4
DEVON KENNARD,SLB,1
MARK HERZLICH,SLB,2
ROMEO OKWARA,SLB,3
KEENAN ROBINSON,MLB,1
JASPER BRINKLEY,MLB,2
BJ GOODSON,MLB,3
JT THOMAS,WLB,1
JONATHAN CASILLAS,WLB,2
KELVIN SHEPPARD,WLB,3
DOMINIQUE CROMARTIE,LCB,1
ELI APPLE,LCB,2
LEON MCFADDEN,LCB,3
MICHAEL HUNTER,LCB,4
MATT SMALLEY,LCB,5
COOPER TAYLOR,SS,1
DARIAN THOMPSON,SS,2
NAT BERHE,SS,3
JUSTIN CURRIE,SS,4
LANDON COLLINS,FS,1
MYKKELE THOMPSON,FS,2
ANDREW ADAMS,FS,3
JANORIS JENKINS,RCB,1
BENNETT JACKSON,RCB,2
TREVIN WADE,RCB,3
TRAMAIN JACOBS,RCB,4
DONTE DEAYON,RCB,5
BRAD WING,P,1
JOSH BROWN,PK,1
TOM OBARSKI,PK,2
ZAK DEOSSIE,LS,1
TYLER OTT,LS,2
BRAD WING,H,1
DWAYNE HARRIS,PR,1
ODELL BECKHAM JR.,PR,2
DWAYNE HARRIS,KR,1
ORLEANS DARKWA,KR,2
ANDRE WILLIAMS,KR,3
BEN EDWARDS,RES,1
UANI' UNGA,RES,2
JORDAN MATTHEWS,LWR,1
CHRIS GIVENS,LWR,2
TJ GRAHAM,LWR,3
CAYLEB JONES,LWR,4
HUNTER SHARP,LWR,5
PAUL TURNER,LWR,5
NELSON AGHOLOR,RWR,1
JOSH HUFF,RWR,2
RUEBEN RANDLE,RWR,3
JONATHAN KRAUSE,RWR,4
XAVIER RUSH,RWR,5
MARCUS JOHNSON,RWR,4
BYRON MARSHALL,RWR,5
JASON PETERS,LT,1
ANDREW GARDNER,LT,2
HALAPOULIVAATI VAITAI,LT,3
ALLEN BARBRE,LG,1
ISAAC SEUMALO,LG,2
MALCOLM BUNCHE,LG,3
BARRETT JONES,LG,4
JASON KELCE,C,1
STEFEN WISNIEWSKI,C,2
JOSH ANDREWS,C,3
BRUCE JOHNSON,C,4
BRANDON BROOKS,RG,1
MATT TOBIN,RG,2
DARRELL GREENE,RG,3
LANE JOHNSON,RT,1
DENNIS KELLY,RT,2
BRENT CELEK,TE,1
ZACH ERTZ,TE,2
CHRIS PANTALE,TE,3
DILLON GORDON,TE,4
MJ MCFARLAND,TE,5
SAM BRADFORD,QB,1
CHASE DANIEL,QB,2
CARSON WENTZ,QB,3
RYAN MATHEWS,RB,1
DARREN SPROLES,RB,2
KENJON BARNER,RB,3
WENDELL SMALLWOOD,RB,4
CEDRIC O'NEAL,RB,5
TREY BURTON,FB,1
BRANDON GRAHAM,RDE,1
BRYAN BRAMAN,RDE,2
STEVEN MEANS,RDE,3
ALEX MCCALISTER,RDE,4
FLETCHER COX,RDT,1
BEAU ALLEN,RDT,2
TAYLOR HART,RDT,3
AZIZ SHITTU,RDT,4
BENNIE LOGAN,LDT,1
MIKE MARTIN,LDT,2
CONNOR WUJCIAK,LDT,3
DESTINY VAEAO,LDT,4
DERRICK LOTT,LDT,5
CONNOR BARWIN,LDE,1
VINNY CURRY,LDE,2
TRAVIS LONG,LDE,3
MARCUS SMITH II,LDE,4
NIGEL BRADHAM,SLB,1
TY POWELL,SLB,2
QUENTIN GAUSE,SLB,3
JORDAN HICKS,MLB,1
NAJEE GOODE,MLB,2
JOE WALKER,MLB,3
MYCHAL KENDRICKS,WLB,1
DEONTAE SKINNER,WLB,2
MYKE TAVARRES,WLB,3
ERIC ROWE,LCB,1
LEODIS MCKELVIN,LCB,2
JAYLEN WATKINS,LCB,3
RANDALL EVANS,LCB,4
JACOREY SHEPHERD,LCB,5
CJ SMITH,LCB,5
RODNEY MCLEOD,S,1
CHRIS MARAGOS,S,2
JALEN MILLS,S,3
MALCOLM JENKINS,S,1
ED REYNOLDS,S,2
NOLAN CARROLL,RCB,1
RON BROOKS,RCB,2
DENZEL RICE,RCB,3
AARON GRYMES,RCB,4
BLAKE COUNTESS,RCB,5
DONNIE JONES,P,1
CALEB STURGIS,PK,1
CODY PARKEY,PK,2
JON DORENBOS,LS,1
JOHN DEPALMA,LS,2
BRENT CELEK,LS,3
DONNIE JONES,H,1
DARREN SPROLES,PR,1
KENJON BARNER,PR,2
NELSON AGHOLOR,PR,3
JOSH HUFF,KR,1
KENJON BARNER,KR,2
DARREN SPROLES,KR,3
PIERRE GARCON,LWR,1
JOSH DOCTSON,LWR,2
MAURICE HARRIS,LWR,3
VALDEZ SHOWERS,LWR,4
JARVIS TURNER,LWR,5
DESEAN JACKSON,RWR,1
RYAN GRANT,RWR,2
RASHAD ROSS,RWR,3
REGINALD DIGGS,RWR,4
JAMISON CROWDER,SWR,1
TRENT WILLIAMS,LT,1
CODY BOOTH,LT,2
AL BOND,LT,3
SPENCER LONG,LG,1
ARIE KOUANDJIO,LG,2
SHAWN LAUVAO,LG,3
KORY LICHTENSTEIGER,C,1
AUSTIN REITER,C,2
JOSH LERIBEUS,C,3
BRANDON SCHERFF,RG,1
TAKOBY COFIELD,RG,2
NILA KASITATI,RG,3
MORGAN MOSES,RT,1
TY NSEKHE,RT,2
KEVIN BOWEN,RT,3
JORDAN REED,TE,1
LOGAN PAULSEN,TE,2
MARCEL JENSEN,TE,3
MICHAEL COOPER,TE,4
NILES PAUL,TE,1
VERNON DAVIS,TE,2
DEREK CARRIER,TE,3
KIRK COUSINS,QB,1
COLT MCCOY,QB,2
NATE SUDFELD,QB,3
JOE KERRIDGE,FB,1
MATT JONES,RB,1
CHRIS THOMPSON,RB,2
MACK BROWN,RB,3
KEITH MARSHALL,RB,4
ROB KELLEY,RB,5
KELSEY YOUNG,RB,5
CHRIS BAKER,LDE,1
STEPHEN PAEA,LDE,2
MATT IOANNIDIS,LDE,3
LYNDEN TRAIL,LDE,4
KEDRIC GOLSTON,NT,1
JERRELL POWE,NT,2
ZIGGY HOOD,NT,3
TRENT MURPHY,RDE,1
KENDALL REYES,RDE,2
RICKY FRANCOIS,RDE,3
COREY CRAWFORD,RDE,4
ANTHONY LANIER,RDE,5
RYAN KERRIGAN,WLB,1
PRESTON SMITH,WLB,2
SU'A CRAVENS,WLB,3
WILLIE JEFFERSON,WLB,4
TERENCE GARVIN,WLB,5
WILL COMPTON,LILB,1
CARLOS FIELDS JR.,LILB,2
STEVEN DANIELS,LILB,3
MARTRELL SPAIGHT,LILB,4
PERRY RILEY,RILB,1
MASON FOSTER,RILB,2
ADAM HAYWARD,RILB,3
EJIRO EDERAINE,RILB,4
JUNIOR GALETTE,SLB,1
HOUSTON BATES,SLB,2
SHIRO DAVIS,SLB,3
MICHAEL WAKEFIELD,SLB,4
BASHAUD BREELAND,LCB,1
QUINTON DUNBAR,LCB,2
JEREMY HARRIS,LCB,3
GREG TOLER,LCB,4
KENDALL FULLER,LCB,5
DAVID BRUTON,SS,1
DUKE IHENACHO,SS,2
DEANGELO HALL,FS,1
KYSHOEN JARRETT,FS,2
GENO SMITH,FS,3
JOSH NORMAN,RCB,1
WILL BLACKMON,RCB,2
DESHAZOR EVERETT,RCB,3
DASHAUN PHILLIPS,RCB,4
LLOYD CARRINGTON,RCB,5
MARIEL COOPER,RCB,5
TRESS WAY,P,1
DUSTIN HOPKINS,PK,1
NICK SUNDBERG,LS,1
TRESS WAY,H,1
JAMISON CROWDER,PR,1
RASHAD ROSS,PR,2
RASHAD ROSS,KR,1
CHRIS THOMPSON,KR,2
JAMISON CROWDER,KR,3
SILAS REDD,SUS,1
KEVIN WHITE,LWR,1
DEONTE THOMPSON,LWR,2
JOSH BELLAMY,LWR,3
DARRIN PETERSON,LWR,4
KIEREN DUNCAN,LWR,5
ALSHON JEFFERY,RWR,1
MARQUESS WILSON,RWR,2
CAMERON MEREDITH,RWR,3
DEREK KEATON,RWR,4
EDDIE ROYAL,WR,1
MARC MARIANI,WR,2
DANIEL BRAVERMAN,WR,3
CHARLES LENO,LT,1
JASON WEAVER,LT,2
JOHN KLING,LT,3
CODY WHITEHAIR,LG,1
TED LARSEN,LG,2
ADRIAN BELLARD,LG,3
HRONISS GRASU,C,1
MANNY RAMIREZ,C,2
KYLE LONG,RG,1
CORNELIUS EDISON,RG,2
DONOVAN WILLIAMS,RG,3
BOBBY MASSIE,RT,1
NATE CHANDLER,RT,2
NICK BECTON,RT,3
MARTIN WALLACE,RT,4
ZACH MILLER,TE,1
KHARI LEE,TE,2
ROB HOUSLER,TE,3
GANNON SINCLAIR,TE,4
BEN BRAUNECKER,TE,5
JOE SOMMERS,TE,5
KHARI LEE,FB/TE,1
PAUL LASIKE,FB/TE,2
JAY CUTLER,QB,1
BRIAN HOYER,QB,2
DAVID FALES,QB,3
MATT BLANCHARD,QB,4
JEREMY LANGFORD,RB,1
KA'DEEM CAREY,RB,2
JACQUIZZ RODGERS,RB,3
JORDAN HOWARD,RB,4
SENORISE PERRY,RB,5
AKIEM HICKS,DE,1
WILL SUTTON,DE,2
CORNELIUS WASHINGTON,DE,3
GREG SCRUGGS,DE,4
EDDIE GOLDMAN,NT,1
TERRY WILLIAMS,NT,2
KENTON ADEYEMI,NT,3
MITCH UNREIN,DE,1
JONATHAN BULLARD,DE,2
EGO FERGUSON,DE,3
KEITH BROWNER,DE,4
PERNELL MCPHEE,LOLB,1
WILLIE YOUNG,LOLB,2
ROY HARRIS,LOLB,3
JERRELL FREEMAN,LILB,1
CHRISTIAN JONES,LILB,2
JONATHAN ANDERSON,LILB,3
DON CHERRY,LILB,4
DANNY TREVATHAN,RILB,1
JOHN TIMU,RILB,2
NICK KWIATKOSKI,RILB,3
JARRETT GRACE,RILB,4
LAMARR HOUSTON,ROLB,1
LEONARD FLOYD,ROLB,2
SAM ACHO,ROLB,3
LAMIN BARROW,ROLB,4
KEVIN PETERSON,ROLB,5
TRACY PORTER,LCB,1
JACOBY GLENN,LCB,2
DEIONDRE` HALL,LCB,3
CHRIS PROSINSKI,SS,1
DEON BUSH,SS,2
DEMONTRE HURST,SS,3
ADRIAN AMOS,FS,1
OMAR BOLDEN,FS,2
DEANDRE CARSON,FS,3
HAROLD QUARTEY,FS,4
KYLE FULLER,RCB,1
SHERRICK MCMANIS,RCB,2
DE'VANTE BAUSBY,RCB,3
TAVEZE CALHOUN,RCB,4
BRYCE CALLAHAN,N-B,1
PAT O'DONNELL,P,1
BENJAMIN LECOMPTE,P,2
ROBBIE GOULD,PK,1
AARON BREWER,LS,1
PATRICK SCALES,LS,2
PAT O'DONNELL,H,1
ROBBIE GOULD,KO,1
MARC MARIANI,PR,1
EDDIE ROYAL,PR,2
DEONTE THOMPSON,KR,1
OMAR BOLDEN,KR,2
MARC MARIANI,KR,3
EGO FERGUSON,SUS,1
GOLDEN TATE,LWR,1
TJ JONES,LWR,2
ANDRE CALDWELL,LWR,3
COREY WASHINGTON,LWR,4
JACE BILLINGSLEY,LWR,5
DAMIAN COPELAND,LWR,4
QUINSHAD DAVIS,LWR,5
MARVIN JONES,RWR,1
JEREMY KERLEY,RWR,2
COREY FULLER,RWR,3
AUSTIN WILLIS,RWR,4
RYAN SPADOLA,RWR,5
JAY LEE,RWR,5
TAYLOR DECKER,LT,1
COREY ROBINSON,LT,2
DOMINICK JACKSON,LT,3
LAKEN TOMLINSON,LG,1
JOE DAHL,LG,2
TRAVIS SWANSON,C,1
GRAHAM GLASGOW,C,2
GABE IKARD,C,3
LARRY WARFORD,RG,1
GEOFF SCHWARTZ,RG,2
CHASE FARRIS,RG,3
RILEY REIFF,RT,1
MICHAEL OLA,RT,2
CORNELIUS LUCAS,RT,3
BRANDON PETTIGREW,TE,1
ADAM FUEHNE,TE,2
BEN MCCORD,TE,3
ERIC EBRON,TE,1
MATTHEW MULLIGAN,TE,2
COLE WICK,TE,3
MATTHEW STAFFORD,QB,1
DAN ORLOVSKY,QB,2
JAKE RUDOCK,QB,3
AMEER ABDULLAH,RB,1
THEO RIDDICK,RB,2
ZACH ZENNER,RB,3
GEORGE WINN,RB,4
STEVAN RIDLEY,RB,5
DWAYNE WASHINGTON,RB,5
MIKE BURTON,FB,1
DEVIN TAYLOR,LDE,1
WALLACE GILBERRY,LDE,2
DEONTE GIBSON,LDE,3
LOUIS PALMER,LDE,4
TYRUNN WALKER,LDT,1
A'SHAWN ROBINSON,LDT,2
GABE WRIGHT,LDT,3
STEFAN CHARLES,LDT,4
HALOTI NGATA,RDT,1
CARAUN REID,RDT,2
KHYRI THORNTON,RDT,3
KERRY HYDER,RDT,4
ZIGGY ANSAH,RDE,1
ANTHONY ZETTEL,RDE,2
JAMES DELOACH,RDE,3
TAHIR WHITEHEAD,OLB,1
KYLE VAN NOY,OLB,2
BRANDON COPELAND,OLB,3
STEPHEN TULLOCH,MLB,1
JON BOSTIC,MLB,2
ANTWIONE WILLIAMS,MLB,3
JERRY FRANKLIN,MLB,4
DEANDRE LEVY,OLB,1
JOSH BYNES,OLB,2
KHASEEM GREENE,OLB,3
ZAVIAR GOODEN,OLB,4
DARIUS SLAY,LCB,1
QUANDRE DIGGS,LCB,2
ADAIRIUS BARNES,LCB,3
CHARLES WASHINGTON,LCB,4
TAVON WILSON,SS,1
MILES KILLEBREW,SS,2
DON CAREY,SS,3
ISAIAH JOHNSON,SS,4
GLOVER QUIN,FS,1
RAFAEL BUSH,FS,2
JOHNSON BADEMOSI,FS,3
NEVIN LAWSON,RCB,1
ALEX CARTER,RCB,2
DARRIN WALLS,RCB,3
IAN WELLS,RCB,4
QUANDRE DIGGS,N-B,1
CREZDON BUTLER,N-B,2
SAM MARTIN,P,1
MATT PRATER,PK,1
DEVON BELL,PK,2
DON MUHLBACH,LS,1
JIMMY LANDES,LS,2
SAM MARTIN,H,1
SAM MARTIN,KO,1
MATT PRATER,KO,2
GOLDEN TATE,PR,1
TJ JONES,PR,2
AMEER ABDULLAH,PR,3
AMEER ABDULLAH,KR,1
TJ JONES,KR,2
QUANDRE DIGGS,KR,3
TIM WRIGHT,RES,1
JORDY NELSON,LWR,1
DAVANTE ADAMS,LWR,2
JEFF JANIS,LWR,3
TREVOR DAVIS,LWR,4
ED WILLIAMS,LWR,5
HERB WATERS,LWR,5
RANDALL COBB,RWR,1
JARED ABBREDERIS,RWR,2
TY MONTGOMERY,RWR,3
JAMEL JOHNSON,RWR,4
GERONIMO ALLISON,RWR,5
DAVID BAKHTIARI,LT,1
JASON SPRIGGS,LT,2
DON BARCLAY,LT,3
JOSH SITTON,LG,1
LANE TAYLOR,LG,2
JOSH JAMES,LG,3
COREY LINSLEY,C,1
JC TRETTER,C,2
JACOB FLORES,C,3
TJ LANG,RG,1
JOSH WALKER,RG,2
MATT ROTHERAM,RG,3
BRYAN BULAGA,RT,1
KYLE MURPHY,RT,2
LUCAS PATRICK,RT,3
RICHARD RODGERS,TE,1
JARED COOK,TE,2
JUSTIN PERILLO,TE,3
KENNARD BACKMAN,TE,4
CASEY PIERCE,TE,5
MITCHELL HENRY,TE,5
AARON RODGERS,QB,1
BRETT HUNDLEY,QB,2
JOE CALLAHAN,QB,3
MARQUISE WILLIAMS,QB,4
AARON RIPKOWSKI,FB,1
ALSTEVIS SQUIREWELL,FB,2
EDDIE LACY,RB,1
JAMES STARKS,RB,2
JOHN CROCKETT,RB,3
DON JACKSON,RB,4
BRANDON BURKS,RB,5
DATONE JONES,LDE,1
DEAN LOWRY,LDE,2
TYLER KUDER,LDE,3
REGGIE GILBERT,LDE,4
LETROY GUION,NT,1
KENNY CLARK,NT,2
CHRISTIAN RINGO,NT,3
BRIAN PRICE,NT,4
MIKE DANIELS,DT,1
MIKE PENNEL,DT,2
BJ MCBRYDE,DT,3
DEMETRIS ANDERSON,DT,4
CLAY MATTHEWS,LOLB,1
JAY ELLIOTT,LOLB,2
KYLER FACKRELL,LOLB,3
MANOA PIKULA,LOLB,4
JAKE RYAN,LILB,1
BLAKE MARTINEZ,LILB,2
JOE THOMAS,LILB,3
SAM BARRINGTON,MLB,1
CARL BRADFORD,MLB,2
JULIUS PEPPERS,ROLB,1
NICK PERRY,ROLB,2
LERENTEE MCCRAY,ROLB,3
BENIQUEZ BROWN,ROLB,4
DAMARIOUS RANDALL,LCB,1
DEMETRI GOODSON,LCB,2
ROBERTSON DANIEL,LCB,3
MAKINTON DORLEANT,LCB,4
MORGAN BURNETT,SS,1
CHRIS BANJO,SS,2
KENTRELL BRICE,SS,3
HA HA DIX,FS,1
MICAH HYDE,FS,2
MARWIN EVANS,FS,3
JERMAINE WHITEHEAD,FS,4
SAM SHIELDS,RCB,1
QUINTEN ROLLINS,RCB,2
LADARIUS GUNTER,RCB,3
JOSH HAWKINS,RCB,4
RANDALL JETTE,RCB,5
TIM MASTHAY,P,1
MASON CROSBY,P,2
PETER MORTELL,P,3
MASON CROSBY,PK,1
TIM MASTHAY,PK,2
RICK LOVATO,LS,1
JUSTIN PERILLO,LS,2
TIM MASTHAY,H,1
RANDALL COBB,H,2
MICAH HYDE,PR,1
RANDALL COBB,PR,2
JEFF JANIS,KR,1
JARED ABBREDERIS,KR,2
MICAH HYDE,KR,3
STEFON DIGGS,LWR,1
CHARLES JOHNSON,LWR,2
ADAM THIELEN,LWR,3
TERRELL SINKFIELD,LWR,4
MORITZ BOEHRINGER,LWR,5
TROY STOUDERMIRE,LWR,5
LAQUON TREADWELL,RWR,1
JARIUS WRIGHT,RWR,2
CORDARRELLE PATTERSON,RWR,3
ISAAC FRUECHTE,RWR,4
MARKEN MICHEL,RWR,5
MATT KALIL,LT,1
ANDRE SMITH,LT,2
AUSTIN SHEPHERD,LT,3
CARTER BYKOWSKI,LT,4
BRANDON FUSCO,LG,1
WILLIE BEAVERS,LG,2
ZAC KERIN,LG,3
JOHN SULLIVAN,C,1
JOE BERGER,C,2
NICK EASTON,C,3
ALEX BOONE,RG,1
MICHAEL HARRIS,RG,2
PHIL LOADHOLT,RT,1
TJ CLEMMINGS,RT,2
JEREMIAH SIRLES,RT,3
KYLE RUDOLPH,TE,1
RHETT ELLISON,TE,2
KYLE CARTER,TE,3
MYCOLE PRUITT,TE,1
DAVID MORGAN II,TE,2
BRIAN LEONHARDT,TE,3
TEDDY BRIDGEWATER,QB,1
SHAUN HILL,QB,2
TAYLOR HEINICKE,QB,3
JOEL STAVE,QB,4
ZACH LINE,FB,1
ADRIAN PETERSON,RB,1
JERICK MCKINNON,RB,2
MATT ASIATA,RB,3
BLAKE RENAUD,RB,4
CJ HAM,RB,5
JHURELL PRESSLEY,RB,5
BRIAN ROBISON,LDE,1
SCOTT CRICHTON,LDE,2
ZACH MOORE,LDE,3
JUSTIN TRATTOU,LDE,4
LINVAL JOSEPH,NT,1
SHAMAR STEPHEN,NT,2
KENRICK ELLIS,NT,3
ISAME FACIANE,NT,4
BRUCE GASTON,NT,5
SHARRIF FLOYD,DT,1
TOM JOHNSON,DT,2
TOBY JOHNSON,DT,3
TRAVIS RACITI,DT,4
EVERSON GRIFFEN,RDE,1
DANIELLE HUNTER,RDE,2
STEPHEN WEATHERLY,RDE,3
THEIREN COCKRAN,RDE,4
ANTHONY BARR,SLB,1
EDMOND ROBINSON,SLB,2
TRAVIS LEWIS,SLB,3
DENZELL PERINE,SLB,4
ERIC KENDRICKS,MLB,1
AUDIE COLE,MLB,2
KENTRELL BROTHERS,MLB,3
JAKE GANUS,MLB,4
CHAD GREENWAY,WLB,1
EMMANUEL LAMUR,WLB,2
BRANDON WATTS,WLB,3
TERENCE NEWMAN,LCB,1
TRAE WAYNES,LCB,2
MELVIN WHITE,LCB,3
KEITH BAXTER,LCB,4
TRE ROBERSON,LCB,5
ANDREW SENDEJO,SS,1
JAYRON KEARSE,SS,2
HARRISON SMITH,FS,1
MICHAEL GRIFFIN,FS,2
ANTONE EXUM,FS,3
ANTHONY HARRIS,FS,4
XAVIER RHODES,RCB,1
CAPTAIN MUNNERLYN,RCB,2
JABARI PRICE,RCB,3
MARCUS SHERELS,RCB,4
ERIC RAWLS,RCB,5
MACKENSIE ALEXANDER,N-B,1
JEFF LOCKE,P,1
BLAIR WALSH,PK,1
KEVIN MCDERMOTT,LS,1
JEFF LOCKE,H,1
MARCUS SHERELS,PR,1
STEFON DIGGS,PR,2
CORDARRELLE PATTERSON,KR,1
MARCUS SHERELS,KR,2
BLAIR WALSH,KO,1
BJ DUBOSE,RES,1
JULIO JONES,LWR,1
JUSTIN HARDY,LWR,2
DEVIN HESTER,LWR,3
ALDRICK ROBINSON,LWR,4
CJ GOODWIN,LWR,5
DAVID GLIDDEN,LWR,4
DAJE JOHNSON,LWR,5
MOHAMED SANU,RWR,1
ERIC WEEMS,RWR,2
DEVIN FULLER,RWR,3
NICK WILLIAMS,RWR,4
JORDAN LESLIE,RWR,5
JD MCKISSIC,RWR,5
JAKE MATTHEWS,LT,1
LAURENCE GIBSON,LT,2
ANDY LEVITRE,LG,1
WES SCHWEITZER,LG,2
BEN GARLAND,LG,3
MICHAEL HUEY,LG,4
ALEX MACK,C,1
JAMES STONE,C,2
COLLIN RAHRIG,C,3
JAKE REED,C,4
CHRIS CHESTER,RG,1
MIKE PERSON,RG,2
SHAHBAZ AHMED,RG,3
RYAN SCHRAEDER,RT,1
BRYCE HARRIS,RT,2
TOM COMPTON,RT,3
JACOB TAMME,TE,1
LEVINE TOILOLO,TE,2
AUSTIN HOOPER,TE,3
DJ TIALAVEA,TE,4
JOSHUA PERKINS,TE,5
MATT RYAN,QB,1
MATT SCHAUB,QB,2
SEAN RENFREE,QB,3
MATT SIMMS,QB,4
PATRICK DIMARCO,FB,1
DEVONTA FREEMAN,RB,1
TEVIN COLEMAN,RB,2
TERRON WARD,RB,3
GUS JOHNSON,RB,4
BRANDON WILDS,RB,5
VIC BEASLEY,LDE,1
ADRIAN CLAYBORN,LDE,2
RA'SHEDE HAGEMAN,DT,1
JONATHAN BABINEAUX,DT,2
CHRIS MAYES,DT,3
GRADY JARRETT,DT,1
JOEY MBU,DT,2
CORY JOHNSON,DT,3
DERRICK SHELBY,RDE,1
TYSON JACKSON,RDE,2
MALLICIAH GOODMAN,RDE,3
BRANDON WILLIAMS,RDE,4
COURTNEY UPSHAW,SLB,1
TYLER STARR,SLB,2
IVAN MCLENNAN,SLB,3
NORDLY CAPI,SLB,4
BROOKS REED,MLB,1
DE'VONDRE CAMPBELL,MLB,2
PAUL WORRILOW,MLB,3
LAROY REYNOLDS,MLB,4
PHILIP WHEELER,WLB,1
DEION JONES,WLB,2
SEAN WEATHERSPOON,WLB,3
WILL RATELLE,WLB,4
TORREY GREEN,WLB,5
DESMOND TRUFANT,LCB,1
DEMARCUS VAN DYKE,LCB,2
DAVID MIMS,LCB,3
DEVONTE JOHNSON,LCB,4
KEANU NEAL,SS,1
KEMAL ISHMAEL,SS,2
CHARLES GODFREY,SS,3
SHARROD NEASMAN,SS,4
RICARDO ALLEN,FS,1
ROBENSON THEREZIE,FS,2
DAMIAN PARMS,FS,3
ROBERT ALFORD,RCB,1
JALEN COLLINS,RCB,2
AKEEM KING,RCB,3
BRIAN POOLE,RCB,4
JORDAN SEFON,RCB,5
MATT BOSHER,P,1
MATT BRYANT,PK,1
NICK ROSE,PK,2
JOSH HARRIS,LS,1
MATT BOSHER,H,1
MATT BOSHER,KO,1
ERIC WEEMS,PR,1
DEVIN HESTER,PR,2
ERIC WEEMS,KR,1
DEVIN HESTER,KR,2
DEVIN FUNCHESS,LWR,1
COREY BROWN,LWR,2
BRENTON BERSIN,LWR,3
KEVIN NORWOOD,LWR,4
COBI HAMILTON,LWR,5
LARON BYRD,LWR,4
MILES SHULER,LWR,5
KELVIN BENJAMIN,RWR,1
TED GINN,RWR,2
STEPHEN HILL,RWR,3
DAMIERE BYRD,RWR,4
KEYARRIS GARRETT,RWR,5
TOBAIS PALMER,RWR,3
AVIUS CAPERS,RWR,4
MARCUS LUCAS,RWR,5
MICHAEL OHER,LT,1
DAVID FOUCAULT,LT,2
DONALD HAWKINS,LT,3
ANDREW NORWELL,LG,1
DAVID YANKEY,LG,2
TYLER LARSEN,LG,3
RYAN KALIL,C,1
GINO GRADKOWSKI,C,2
MATTHEW MASIFILO,C,3
TRAI TURNER,RG,1
CHRIS SCOTT,RG,2
REESE DISMUKES,RG,3
JORDAN RIGSBEE,RG,4
DARYL WILLIAMS,RT,1
MIKE REMMERS,RT,2
GREG OLSEN,TE,1
ED DICKSON,TE,2
SCOTT SIMONSON,TE,3
BEAU SANDLAND,TE,4
BRAXTON DEAVER,TE,5
CAM NEWTON,QB,1
DEREK ANDERSON,QB,2
JOE WEBB,QB,3
JONATHAN STEWART,RB,1
CAMERON PAYNE,RB,2
FOZZY WHITTAKER,RB,3
BRANDON WEGHER,RB,4
DEVON JOHNSON,RB,5
JALEN SIMMONS,RB,5
MIKE TOLBERT,FB,1
CHARLES JOHNSON,LDE,1
MARIO ADDISON,LDE,2
RYAN DELAIRE,LDE,3
LARRY WEBSTER,LDE,4
KAWANN SHORT,LDT,1
VERNON BUTLER,LDT,2
KYLE LOVE,LDT,3
CHAS ALECXIH,LDT,4
STAR LOTULELEI,NT,1
PAUL SOLIAI,NT,2
ERIC CRUME,NT,3
ROBERT THOMAS,NT,4
KONY EALY,RDE,1
WES HORTON,RDE,2
RAKIM COX,RDE,3
ARTHUR MILEY,RDE,4
SHAQ THOMPSON,SLB,1
AJ KLEIN,SLB,2
JARED BARBER,SLB,3
LUKE KUECHLY,MLB,1
DAVID MAYO,MLB,2
BRIAN BLECHEN,MLB,3
JARED NORRIS,MLB,4
THOMAS DAVIS,WLB,1
BEN JACOBS,WLB,2
JEREMY CASH,WLB,3
ROBERT MCCLAIN,LCB,1
JAMES BRADBERRY,LCB,2
ZACK SANCHEZ,LCB,3
LOUIS YOUNG,LCB,4
SHAQUILLE RICHARDSON,LCB,5
TRE BOSTON,SS,1
DEAN MARLOWE,SS,2
TRENTON ROBINSON,SS,3
KURT COLEMAN,FS,1
COLIN JONES,FS,2
MARCUS BALL,FS,3
BENE' BENWIKERE,RCB,1
DARYL WORLEY,RCB,2
TEDDY WILLIAMS,RCB,3
TRAVELL DIXON,RCB,4
SWAYZE WATERS,P,1
MICHAEL PALARDY,P,2
GRAHAM GANO,PK,1
SWAYZE WATERS,PK,2
JJ JANSEN,LS,1
SWAYZE WATERS,H,1
GRAHAM GANO,KO,1
TED GINN,PR,1
COREY BROWN,PR,2
FOZZY WHITTAKER,KR,1
TED GINN,KR,2
MICHAEL THOMAS,LWR,1
WILLIE SNEAD,LWR,2
REGGIE BELL,LWR,3
JARED DANGERFIELD,LWR,4
TOMMYLEE LEWIS,LWR,5
VINCENT BROWN,LWR,5
BRANDIN COOKS,RWR,1
BRANDON COLEMAN,RWR,2
RJ HARRIS,RWR,3
KYLE PRATER,RWR,4
JORDAN WILLIAMS,RWR,5
JAKE LAMPMAN,RWR,5
TERRON ARMSTEAD,LT,1
TYRUS THOMPSON,LT,2
TIM LELITO,LG,1
CYRIL LEMON,LG,2
KALEB EULLS,LG,3
RYKER MATHEWS,LG,4
MAX UNGER,C,1
JACK ALLEN,C,2
MARCUS HENRY,C,3
ANDRUS PEAT,RG,1
SENIO KELEMETE,RG,2
LANDON TURNER,RG,3
JOE CHEEK,RG,4
ZACH STRIEF,RT,1
ANDRUS PEAT,RT,2
AVERY YOUNG,RT,3
COBY FLEENER,TE,1
MICHAEL HOOMANAWANUI,TE,2
CHRIS MANHERTZ,TE,3
GARRETT GRIFFIN,TE,4
JOSH HILL,TE,1
RASHAUN ALLEN,TE,2
JACK TABB,TE,3
DREW BREES,QB,1
LUKE MCCOWN,QB,2
GARRETT GRAYSON,QB,3
MARK INGRAM,RB,1
TRAVARIS CADET,RB,2
CJ SPILLER,RB,3
MARCUS MURPHY,RB,4
DANIEL LASCO,RB,5
TIM HIGHTOWER,RB,5
AUSTIN JOHNSON,FB,1
SIONE HOUMA,FB,2
BOBBY RICHARDSON,LDE,1
DAVID ONYEMATA,LDE,2
JOHN JENKINS,NT,1
TYELER DAVISON,NT,2
ASHAAD MABRY,NT,3
SHELDON RANKINS,DT,1
NICK FAIRLEY,DT,2
CAMERON JORDAN,RDE,1
OBUM GWACHAM,RDE,2
DJ PETTWAY,RDE,3
STEPHONE ANTHONY,SLB,1
HAU'OLI KIKAHA,SLB,2
KASIM EDEBALI,SLB,3
ERIK HARRIS,SLB,4
DILLON LEE,SLB,5
JAMES LAURINAITIS,MLB,1
MICHAEL MAUTI,MLB,2
NATHAN STUPAR,MLB,3
JEFF SCHOETTMER,MLB,4
DANNELL ELLERBE,WLB,1
DAVIS TULL,WLB,2
CRAIG ROBERTSON,WLB,3
TONY STEWARD,WLB,4
DELVIN BREAUX,LCB,1
KEENAN LEWIS,LCB,2
KYLE WILSON,LCB,3
BRANDON DIXON,LCB,4
DE'VANTE HARRIS,LCB,5
KENNY VACCARO,SS,1
ALDEN DARBY,SS,2
JAMARCA SANFORD,SS,3
ROMAN HARPER,SS,4
TRAE ELSTON,SS,5
JAIRUS BYRD,FS,1
VONN BELL,FS,2
PJ WILLIAMS,RCB,1
DAMIAN SWANN,RCB,2
BRIAN DIXON,RCB,3
TONY CARTER,RCB,4
KEN CRAWLEY,RCB,5
JIMMY PRUITT,RCB,5
THOMAS MORSTEAD,P,1
KAI FORBATH,PK,1
CONNOR BARTH,PK,2
JUSTIN DRESCHER,LS,1
GARRETT GRAYSON,H,1
THOMAS MORSTEAD,KO,1
CJ SPILLER,PR,1
BRANDIN COOKS,PR,2
MARCUS MURPHY,PR,3
CJ SPILLER,KR,1
BRANDIN COOKS,KR,2
MARCUS MURPHY,KR,3
MITCHELL LOEWEN,RES,1
VINCENT JACKSON,LWR,1
DONTEEA DYE,LWR,2
EVAN SPENCER,LWR,3
KENNY BELL,LWR,4
ANDRE DAVIS,LWR,5
MIKE EVANS,RWR,1
ADAM HUMPHRIES,RWR,2
RUSSELL SHEPARD,RWR,3
LOUIS MURPHY,RWR,4
BERNARD REEDY,RWR,5
FREDDIE MARTINO,RWR,5
DONOVAN SMITH,LT,1
KEVIN PAMPHILE,LT,2
TAYLOR FALLIN,LT,3
JR SWEEZY,LG,1
GARRETT GILKEY,LG,2
DOMINIQUE ROBERTSON,LG,3
JOE HAWLEY,C,1
EVAN SMITH,C,2
BEN GOTTSCHALK,C,3
JOSH ALLEN,C,4
ALI MARPET,RG,1
CALEB BENENOCH,RG,2
DEMAR DOTSON,RT,1
GOSDER CHERILUS,RT,2
LEONARD WESTER,RT,3
KELBY JOHNSON,RT,4
AUSTIN JENKINS,TE,1
BRANDON MYERS,TE,2
TEVIN WESTBROOK,TE,3
LUKE STOCKER,TE,1
CAMERON BRATE,TE,2
KIVON CARTWRIGHT,TE,3
DAN VITALE,FB,1
ALAN CROSS,FB,2
JAMEIS WINSTON,QB,1
MIKE GLENNON,QB,2
RYAN GRIFFIN,QB,3
DAN LEFEVOUR,QB,4
DOUG MARTIN,RB,1
CHARLES SIMS,RB,2
MIKE JAMES,RB,3
STORM JOHNSON,RB,4
PEYTON BARBER,RB,5
RUSSELL HANSBROUGH,RB,5
WILLIAM GHOLSTON,LDE,1
GEORGE JOHNSON,LDE,2
CLIFF MATTHEWS,LDE,3
CHANNING WARD,LDE,4
GERALD MCCOY,LDT,1
DAVONTE LAMBERT,LDT,2
AJ FRANCIS,LDT,3
AKEEM SPENCE,RDT,1
CLINTON MCDONALD,RDT,2
TRAVIS BRITZ,RDT,3
ROBERT AYERS,RDE,1
NOAH SPENCE,RDE,2
JACQUIES SMITH,RDE,3
HOWARD JONES,RDE,4
KOURTNEI BROWN,RDE,5
DARYL SMITH,SLB,1
JOSH KEYES,SLB,2
CASSANOVA MCKINZY,SLB,3
KWON ALEXANDER,MLB,1
ADARIUS GLANTON,MLB,2
LUKE RHODES,MLB,3
LAVONTE DAVID,WLB,1
JEREMIAH GEORGE,WLB,2
DEVANTE BOND,WLB,3
MICAH AWE,WLB,4
BRENT GRIMES,LCB,1
JOEL ROSS,LCB,2
JOHNTHAN BANKS,LCB,3
RYAN SMITH,LCB,4
KIMARIO MCFADDEN,LCB,5
KEITH TANDY,SS,1
MAJOR WRIGHT,SS,2
ELIJAH SHUMATE,SS,3
BRAD MCDOUGALD,FS,1
CHRIS CONTE,FS,2
ISAIAH JOHNSON,FS,3
VERNON HARGREAVES,RCB,1
JUDE BARIMAH,RCB,2
ALTERRAUN VERNER,RCB,3
JAVIEN ELLIOTT,RCB,4
JOSH ROBINSON,N-B,1
JAKE SCHUM,P,1
BRYAN ANGER,P,2
ROBERTO AGUAYO,PK,1
ANDREW DEPAOLA,LS,1
JAKE SCHUM,H,1
MIKE GLENNON,H,2
ROBERTO AGUAYO,KO,1
JAKE SCHUM,KO,2
ADAM HUMPHRIES,PR,1
ADAM HUMPHRIES,KR,1
DEZ STEWART,RES,1
JOHN LOWDERMILK,RES,2
LARRY FITZGERALD,LWR,1
JARON BROWN,LWR,2
BRITTAN GOLDEN,LWR,3
MARQUIS BUNDY,LWR,4
RICO RICHARDSON,LWR,5
MICHAEL FLOYD,RWR,1
JJ NELSON,RWR,2
JAXON SHIPLEY,RWR,3
AMIR CARLISLE,RWR,4
CHRIS HUBERT,RWR,5
JOHN BROWN,SWR,1
JARED VELDHEER,LT,1
ROB CRISP,LT,2
CLAY DEBORD,LT,3
MIKE IUPATI,LG,1
ANTOINE MCCLAIN,LG,2
JAKE BERNSTEIN,LG,3
AQ SHIPLEY,C,1
EVAN BOEHM,C,2
TAYLOR BOGGS,C,3
EVAN MATHIS,RG,1
EARL WATFORD,RG,2
COLE TONER,RG,3
DJ HUMPHRIES,RT,1
JOHN WETZEL,RT,2
GIVENS PRICE,RT,3
DARREN FELLS,TE,1
TROY NIKLAS,TE,2
IFEANYI MOMAH,TE,3
JERMAINE GRESHAM,TE,1
GERALD CHRISTIAN,TE,2
HAKEEM VALLES,TE,3
CARSON PALMER,QB,1
DREW STANTON,QB,2
MATT BARKLEY,QB,3
JAKE COKER,QB,4
DAVID JOHNSON,RB,1
ANDRE ELLINGTON,RB,2
KERWYNN WILLIAMS,RB,3
CHRIS JOHNSON,RB,1
STEPFAN TAYLOR,RB,2
ELIJHAA PENNY,RB,3
CALAIS CAMPBELL,LDE,1
ROBERT NKEMDICHE,LDE,2
RED BRYANT,LDE,3
OLSEN PIERRE,LDE,4
COREY PETERS,NT,1
RODNEY GUNTER,NT,2
XAVIER WILLIAMS,NT,3
CHANDLER JONES,RDT,1
FROSTEE RUCKER,RDT,2
ED STINSON,RDT,3
JOSH MAURO,RDT,4
MARKUS GOLDEN,SLB,1
SHAQUILLE RIDDICK,SLB,2
TRISTAN OKPALAUGO,SLB,3
ALEX OKAFOR,SLB,4
DEONE BUCANNON,RILB,1
ALANI FUA,RILB,2
KEVIN MINTER,LILB,1
QUAYSHAWN NEALY,LILB,2
LAMAR LOUIS,LILB,3
KAREEM MARTIN,WLB,1
GABE MARTIN,WLB,2
ZACK WAGENMANN,WLB,3
PATRICK PETERSON,LCB,1
ASA JACKSON,LCB,2
CARRINGTON BYNDOM,LCB,3
HARLAN MILLER,LCB,4
RONALD ZAMORT,LCB,5
ELI BOUKA,LCB,5
DJ SWEARINGER,SS,1
MARQUI CHRISTIAN,SS,2
TYREQUEK ZIMMERMAN,SS,3
TYRANN MATHIEU,FS,1
TONY JEFFERSON,FS,2
CHRIS CLEMONS,FS,3
DURELL ESKRIDGE,FS,4
MATTHIAS FARLEY,FS,5
TYVON BRANCH,RCB,1
JUSTIN BETHEL,RCB,2
SHAUN PRATER,RCB,3
CARIEL BROOKS,RCB,4
BRANDON WILLIAMS,RCB,5
TREVON HARTFIELD,RCB,5
DREW BUTLER,P,1
GARRETT SWANSON,P,2
CHANDLER CATANZARO,PK,1
KAMERON CANADY,LS,1
DANIEL DILLON,LS,2
DREW BUTLER,H,1
PATRICK PETERSON,PR,1
JJ NELSON,PR,2
BRITTAN GOLDEN,PR,3
KERWYNN WILLIAMS,KR,1
JJ NELSON,KR,2
DARYL WASHINGTON,SUS,1
KENNY BRITT,LWR,1
PHAROH COOPER,LWR,2
BRADLEY MARQUEZ,LWR,3
DEON LONG,LWR,4
NELSON SPRUCE,LWR,5
DUKE WILLIAMS,LWR,4
PAUL MCROBERTS,LWR,5
TAVON AUSTIN,RWR,1
BRIAN QUICK,RWR,2
MIKE THOMAS,RWR,3
JJ WORTON,RWR,4
MARQUEZ NORTH,RWR,5
GREG ROBINSON,LT,1
DARRELL WILLIAMS,LT,2
JORDAN SWINDLE,LT,3
RODGER SAFFOLD,LG,1
GARRETT REYNOLDS,LG,2
DAVID ARKIN,LG,3
TIM BARNES,C,1
DEMETRIUS RHANEY,C,2
ERIC KUSH,C,3
JAMON BROWN,RG,1
ANDREW DONNAL,RG,2
CODY WICHMANN,RG,3
BRIAN FOLKERTS,RG,4
ROB HAVENSTEIN,RT,1
ISAIAH BATTLE,RT,2
PACE MURPHY,RT,3
CORY HARKEY,TE,1
TYLER HIGBEE,TE,2
TEMARRICK HEMINGWAY,TE,3
LANCE KENDRICKS,TE,1
JUSTICE CUNNINGHAM,TE,2
BENSON BROWNE,TE,3
NICK FOLES,QB,1
JARED GOFF,QB,2
SEAN MANNION,QB,3
CASE KEENUM,QB,4
DYLAN THOMPSON,QB,5
TODD GURLEY,RB,1
TRE MASON,RB,2
BENNY CUNNINGHAM,RB,3
CHASE REYNOLDS,RB,4
MALCOLM BROWN,RB,5
TERRENCE MAGEE,RB,3
AARON GREEN,RB,4
ZACH LASKEY,RB,5
WILLIAM HAYES,LDE,1
QUINTON COPLES,LDE,2
MATT LONGACRE,LDE,3
AARON DONALD,LDT,1
DOMINIQUE EASLEY,LDT,2
LOUIS PASAT,LDT,3
MICHAEL BROCKERS,RDT,1
ETHAN WESTBROOKS,RDT,2
CAM THOMAS,RDT,3
ROBERT QUINN,RDE,1
EUGENE SIMS,RDE,2
MORGAN FOX,RDE,3
AKEEM AYERS,OLB,1
CORY LITTLETON,OLB,2
IAN SEAU,OLB,3
ALEC OGLETREE,MLB,1
BRYCE HAGER,MLB,2
BRANDON CHUBB,MLB,3
DARREON HERRING,MLB,4
MARK BARRON,OLB,1
JOSH FORREST,OLB,2
CAMERON LYNCH,OLB,3
MATTHEW WELLS,OLB,4
TRUMAINE JOHNSON,LCB,1
LAMARCUS JOYNER,LCB,2
MICHAEL JORDAN,LCB,3
JABRIEL WASHINGTON,LCB,4
CHRISTIAN BRYANT,SS,1
ROHAN GAINES,SS,2
JORDAN LOMAX,SS,3
CODY DAVIS,FS,1
BRIAN RANDOLPH,FS,2
TJ MCDONALD,S,1
MARK BARRON,S,2
MO ALEXANDER,S,3
NICHOLAS GRIGSBY,S,4
EJ GAINES,RCB,1
COTY SENSABAUGH,RCB,2
MARCUS ROBERSON,RCB,3
TROY HILL,RCB,4
JOHNNY HEKKER,P,1
GREG ZUERLEIN,PK,1
TAYLOR BERTOLET,PK,2
JAKE MCQUAIDE,LS,1
JOHNNY HEKKER,H,1
TAVON AUSTIN,PR,1
BENNY CUNNINGHAM,KR,1
TAVON AUSTIN,KR,2
QUINTON PATTON,LWR,1
BRUCE ELLINGTON,LWR,2
DRES ANDERSON,LWR,3
ERIC ROGERS,LWR,4
DEANDRE SMELTER,LWR,5
DEVON CAJUSTE,LWR,5
TORREY SMITH,RWR,1
DEANDREW WHITE,RWR,2
JEROME SIMPSON,RWR,3
DIANDRE CAMPBELL,RWR,4
AARON BURBRIDGE,RWR,5
BRYCE TREGGS,RWR,5
JOE STALEY,LT,1
JOHN THEUS,LT,2
COLIN KELLY,LT,3
JOSH GARNETT,LG,1
IAN SILBERMAN,LG,2
ZANE BEADLES,LG,3
DANIEL KILGORE,C,1
MARCUS MARTIN,C,2
ANDREW TILLER,RG,1
BRANDON THOMAS,RG,2
BLAKE MUIR,RG,3
ALEX BALDUCCI,RG,4
TRENT BROWN,RT,1
ERIK PEARS,RT,2
FAHN COOPER,RT,3
NORMAN PRICE,RT,4
VANCE MCDONALD,TE,1
GARRETT CELEK,TE,2
BLAKE BELL,TE,3
RORY ANDERSON,TE,4
JE'RON HAMM,TE,5
BLAINE GABBERT,QB,1
COLIN KAEPERNICK,QB,2
THADDEUS LEWIS,QB,3
JEFF DRISKEL,QB,4
BRUCE MILLER,FB,1
CARLOS HYDE,RB,1
MIKE DAVIS,RB,2
DUJUAN HARRIS,RB,3
SHAUN DRAUGHN,RB,4
KELVIN TAYLOR,RB,5
GLENN DORSEY,LDT,1
ARIK ARMSTEAD,LDT,2
TONY EDDIE,LDT,3
RONALD BLAIR,LDT,4
IAN WILLIAMS,NT,1
MIKE PURCELL,NT,2
KALEB RAMSEY,NT,3
DARREN LAKE,NT,4
DEFOREST BUCKNER,RDT,1
QUINTON DIAL,RDT,2
GARRISON SMITH,RDT,3
DEMETRIUS CHERRY,RDT,4
AHMAD BROOKS,LOLB,1
COREY LEMONIER,LOLB,2
TANK CARRADINE,LOLB,3
JASON FANAIKA,LOLB,4
NAVORRO BOWMAN,RILB,1
SHAYNE SKOV,RILB,2
GERALD HODGES,LILB,1
MICHAEL WILHOITE,LILB,2
NICK BELLORE,LILB,3
WYNTON MCMANIS,LILB,4
AARON LYNCH,ROLB,1
ELI HAROLD,ROLB,2
RAY RAY ARMSTRONG,ROLB,3
MARCUS RUSH,ROLB,4
LENNY JONES,ROLB,5
TRAMAINE BROCK,LCB,1
DONTAE JOHNSON,LCB,2
CHRIS DAVIS,LCB,3
RASHARD ROBINSON,LCB,4
PRINCE CHARLES IWORAH,LCB,5
ANTOINE BETHEA,SS,1
JAQUISKI TARTT,SS,2
ERIC REID,FS,1
LJ MCCRAY,FS,2
JERED BELL,FS,3
JIMMIE WARD,RCB,1
KENNETH ACKER,RCB,2
KEITH REASER,RCB,3
MARCUS CROMARTIE,RCB,4
WILL REDMOND,RCB,5
BRADLEY PINION,P,1
PHIL DAWSON,PK,1
JOHN LUNSFORD,PK,2
KYLE NELSON,LS,1
BRADLEY PINION,H,1
BRUCE ELLINGTON,PR,1
DEANDREW WHITE,PR,2
BRUCE ELLINGTON,KR,1
DEANDREW WHITE,KR,2
PHIL DAWSON,KO,1
JOHN LUNSFORD,KO,2
DOUG BALDWIN,LWR,1
TYLER LOCKETT,LWR,2
ANTWAN GOODLEY,LWR,3
DESHON FOXX,LWR,4
TANNER MCEVOY,LWR,5
DOUGLAS MCNEIL,LWR,5
JERMAINE KEARSE,RWR,1
PAUL RICHARDSON,RWR,2
KENNY LAWLER,RWR,3
KASEN WILLIAMS,RWR,4
KEVIN SMITH,RWR,5
TYLER SLAVIN,RWR,5
GARRY GILLIAM,LT,1
TERRY POOLE,LT,2
GEORGE FANT,LT,3
MARK GLOWINSKI,LG,1
KRISTJAN SOKOLI,LG,2
KONA SCHWENKE,LG,3
JUSTIN BRITT,C,1
PATRICK LEWIS,C,2
JOEY HUNT,C,3
GERMAIN IFEDI,RG,1
REES ODHIAMBO,RG,2
J'MARCUS WEBB,RT,1
BRADLEY SOWELL,RT,2
LENE MAIAVA,RT,3
JIMMY GRAHAM,TE,1
COOPER HELFET,TE,2
RONNIE SHIELDS,TE,3
LUKE WILLSON,TE,1
NICK VANNETT,TE,2
BRANDON WILLIAMS,TE,3
RUSSELL WILSON,QB,1
TREVONE BOYKIN,QB,2
JAKE HEAPS,QB,3
THOMAS RAWLS,RB,1
CHRISTINE MICHAEL,RB,2
CJ PROSISE,RB,3
ALEX COLLINS,RB,4
ZAC BROOKS,RB,5
TRE MADDEN,RB,4
BRANDON COTTOM,RB,5
MICHAEL BENNETT,LDE,1
FRANK CLARK,LDE,2
AHTYBA RUBIN,LDT,1
JARRAN REED,LDT,2
JUSTIN HAMILTON,LDT,3
DEANGELO TYSON,LDT,4
TANIELA TUPOU,LDT,5
JORDAN HILL,RDT,1
SEALVER SILIGA,RDT,2
WILL PERICAK,RDT,3
QUINTON JEFFERSON,RDT,4
BRANDIN BRYANT,RDT,5
CLIFF AVRIL,RDE,1
CHRIS CLEMONS,RDE,2
CASSIUS MARSH,RDE,3
RYAN ROBINSON,RDE,4
MICHAEL MORGAN,LOLB,1
MONTESE OVERTON,LOLB,2
DAVID PERKINS,LOLB,3
KHAIRI FORTT,LOLB,4
BOBBY WAGNER,MLB,1
BROCK COYLE,MLB,2
STEVE LONGA,MLB,3
KYLE COLEMAN,MLB,4
KJ WRIGHT,ROLB,1
KEVIN LOUIS,ROLB,2
ERIC PINKINS,ROLB,3
TAVARIS BARNES,ROLB,4
PETE ROBERTSON,ROLB,5
RICHARD SHERMAN,LCB,1
MARCUS BURLEY,LCB,2
TYE SMITH,LCB,3
STANLEY BAPTISTE,LCB,4
DEANDRE ELLIOTT,LCB,5
KAM CHANCELLOR,SS,1
KELCIE MCCRAY,SS,2
TYVIS POWELL,SS,3
EARL THOMAS,FS,1
STEVEN TERRELL,FS,2
BRANDON BROWNER,RCB,1
THAROLD SIMON,RCB,2
GEORGE FARMER,RCB,3
TROVON REED,RCB,4
DESHAWN SHEAD,RCB,5
JEREMY LANE,N-B,1
JON RYAN,P,1
STEVEN HAUSCHKA,PK,1
DREW FERRIS,LS,1
JON RYAN,H,1
TYLER LOCKETT,PR,1
DOUG BALDWIN,PR,2
TYLER LOCKETT,KR,1
DOUG BALDWIN,KR,2
JEFF FULLER,RES,1
MOHAMMED SEISAY,RES,2
CHRISTIAN FRENCH,RES,3